Unique_ID,Similarity_Score
0,0.26486194133758545
1,0.2454344779253006
2,0.4543570876121521
3,0.4508155286312103
4,0.3668202757835388
5,0.3450527489185333
6,0.2300354242324829
7,0.5991889238357544
8,0.4677385985851288
9,0.42057517170906067
10,0.4828217029571533
11,0.442451536655426
12,0.5710448026657104
13,0.37207847833633423
14,0.5281383991241455
15,0.4285329282283783
16,0.3743225932121277
17,0.1855001449584961
18,0.4976412057876587
19,0.4897318482398987
20,0.3263791799545288
21,0.5515509843826294
22,0.5288509130477905
23,0.05628510192036629
24,0.5691494941711426
25,0.5128018260002136
26,0.15010380744934082
27,0.459373414516449
28,0.41776835918426514
29,0.4998348355293274
30,0.16536898910999298
31,0.29480624198913574
32,0.5078277587890625
33,0.5120143294334412
34,0.3536001443862915
35,0.21913044154644012
36,0.41162535548210144
37,0.47368746995925903
38,0.33664482831954956
39,0.33439531922340393
40,0.220777690410614
41,0.3420148491859436
42,0.21423524618148804
43,0.5204771757125854
44,0.4489859342575073
45,0.43986549973487854
46,0.41252070665359497
47,0.4026273190975189
48,0.5746943950653076
49,0.4948422908782959
50,0.4348272681236267
51,0.4451253116130829
52,0.09778179228305817
53,0.41394490003585815
54,0.23419207334518433
55,0.4756445288658142
56,0.5319074988365173
57,0.2378147542476654
58,0.22942529618740082
59,0.41051745414733887
60,0.5743536949157715
61,0.5038319826126099
62,0.3481764495372772
63,0.27401381731033325
64,0.4261895716190338
65,0.24245738983154297
66,0.4198914170265198
67,0.41133761405944824
68,0.46543610095977783
69,0.30935782194137573
70,0.41007882356643677
71,0.33388906717300415
72,0.19354429841041565
73,0.4020776152610779
74,0.2628190815448761
75,0.3868864178657532
76,0.45870471000671387
77,0.37915539741516113
78,0.533878743648529
79,0.4614144563674927
80,0.28348320722579956
81,0.43787074089050293
82,0.3609219193458557
83,0.385703980922699
84,0.17790400981903076
85,0.19965869188308716
86,0.4023892879486084
87,0.4660070836544037
88,0.46057796478271484
89,0.4051035940647125
90,0.26171261072158813
91,0.34446483850479126
92,0.4087350070476532
93,0.47178491950035095
94,0.3918870985507965
95,0.15066111087799072
96,0.3906438648700714
97,0.35983142256736755
98,0.6328110098838806
99,0.39012330770492554
100,0.29217275977134705
101,0.220475435256958
102,0.23024602234363556
103,0.34733864665031433
104,0.4279823303222656
105,0.36956164240837097
106,0.4142540693283081
107,0.3451167643070221
108,0.26193666458129883
109,0.31007128953933716
110,0.5119860768318176
111,0.433036744594574
112,0.5035496354103088
113,0.3526730537414551
114,0.42818504571914673
115,0.5309780836105347
116,0.366915762424469
117,0.4249328672885895
118,0.32181447744369507
119,0.3931042551994324
120,0.5288060307502747
121,0.6349788904190063
122,0.4941191077232361
123,0.44854193925857544
124,0.45701780915260315
125,0.4809684753417969
126,0.41522806882858276
127,0.46652767062187195
128,0.17327234148979187
129,0.2946963906288147
130,0.2903500497341156
131,0.4701892137527466
132,0.25695741176605225
133,0.3053852319717407
134,0.2982659339904785
135,0.4578534960746765
136,0.4049108624458313
137,0.16074883937835693
138,0.3467710018157959
139,0.35985267162323
140,0.330665647983551
141,0.3953428566455841
142,0.270010769367218
143,0.2836644947528839
144,0.4447711706161499
145,0.44848689436912537
146,0.4372863173484802
147,0.44619885087013245
148,0.5299891233444214
149,0.3318612575531006
150,0.457256019115448
151,0.3149346113204956
152,0.3196523189544678
153,0.43689125776290894
154,0.37281933426856995
155,0.5284106731414795
156,0.42721986770629883
157,0.4148457646369934
158,0.32149791717529297
159,0.5889937877655029
160,0.4114975929260254
161,0.6310625076293945
162,0.35214608907699585
163,0.3548740744590759
164,0.4049784243106842
165,0.5851445198059082
166,0.40647968649864197
167,0.40636146068573
168,0.3537106215953827
169,0.5081074237823486
170,0.33032336831092834
171,0.1847832202911377
172,0.32975953817367554
173,0.28310784697532654
174,0.2833622694015503
175,0.4967022240161896
176,0.49222511053085327
177,0.45331546664237976
178,0.41631048917770386
179,0.2358226776123047
180,0.3183794617652893
181,0.649841845035553
182,0.2995109558105469
183,0.4831305742263794
184,0.5213712453842163
185,0.398478239774704
186,0.21664907038211823
187,0.2985578775405884
188,0.5306699275970459
189,0.3946799337863922
190,0.4539991021156311
191,0.4842453598976135
192,0.22191032767295837
193,0.5083107352256775
194,0.4177423119544983
195,0.10572075843811035
196,0.33171749114990234
197,0.2523598074913025
198,0.3189818263053894
199,0.3869679272174835
200,0.378598153591156
201,0.2852628231048584
202,0.2871677875518799
203,0.23811393976211548
204,0.4090641736984253
205,0.35722479224205017
206,0.4717579782009125
207,0.4762341380119324
208,0.3546344041824341
209,0.3889772891998291
210,0.30521756410598755
211,0.4038797914981842
212,0.19536811113357544
213,0.25531822443008423
214,0.315178781747818
215,0.28287267684936523
216,0.19318684935569763
217,0.2814483642578125
218,0.34577399492263794
219,0.5191277265548706
220,0.5024576783180237
221,0.452484667301178
222,0.3771560788154602
223,0.3696359395980835
224,0.2165585607290268
225,0.42290377616882324
226,0.32614076137542725
227,0.42687609791755676
228,0.3043672442436218
229,0.3251778483390808
230,0.2443816065788269
231,0.3406457304954529
232,0.2933885455131531
233,0.3764285147190094
234,0.5356485843658447
235,0.3866913914680481
236,0.4565882682800293
237,0.16585570573806763
238,0.21367719769477844
239,0.5020790696144104
240,0.37386929988861084
241,0.47355082631111145
242,0.2547416388988495
243,0.3197993040084839
244,0.3321155905723572
245,0.44920945167541504
246,0.47658753395080566
247,0.20245406031608582
248,0.27332860231399536
249,0.2999171018600464
250,0.5069441199302673
251,0.2671926021575928
252,0.2277885377407074
253,0.4595254063606262
254,0.4598533809185028
255,0.37660205364227295
256,0.37047746777534485
257,0.3560473918914795
258,0.26987528800964355
259,0.3433232307434082
260,0.3960924446582794
261,0.40704405307769775
262,0.39834821224212646
263,0.44109493494033813
264,0.348086953163147
265,0.3571079969406128
266,0.5826184153556824
267,0.46196189522743225
268,0.578025758266449
269,0.27362415194511414
270,0.2371949851512909
271,0.3168962597846985
272,0.479459285736084
273,0.24207794666290283
274,0.6934932470321655
275,0.5523755550384521
276,0.026996687054634094
277,0.2205289602279663
278,0.317516028881073
279,0.35887759923934937
280,0.5968832969665527
281,0.21470357477664948
282,0.2900567948818207
283,0.3394494652748108
284,0.7716533541679382
285,0.29124021530151367
286,0.34034010767936707
287,0.3699128329753876
288,0.3709958791732788
289,0.22669556736946106
290,0.25566351413726807
291,0.5047504901885986
292,0.386587917804718
293,0.3572384715080261
294,0.4487682580947876
295,0.279447078704834
296,0.48248934745788574
297,0.31879234313964844
298,0.30106791853904724
299,0.37868165969848633
300,0.4902445673942566
301,0.3744255006313324
302,0.38381344079971313
303,0.5528980493545532
304,0.2877943217754364
305,0.4187265634536743
306,0.4674365222454071
307,0.4400334358215332
308,0.32643407583236694
309,0.15533828735351562
310,0.4296908676624298
311,0.40506261587142944
312,0.27141517400741577
313,0.33590075373649597
314,0.5489522218704224
315,0.2628982961177826
316,0.19402538239955902
317,0.3148280084133148
318,0.4185977578163147
319,0.6719797253608704
320,0.314275860786438
321,0.47553324699401855
322,0.4700935482978821
323,0.33702751994132996
324,0.4696292281150818
325,0.27693337202072144
326,0.5203350782394409
327,0.3881320357322693
328,0.4472353458404541
329,0.5706441402435303
330,0.33784371614456177
331,0.32917001843452454
332,0.22130738198757172
333,0.5373414754867554
334,0.5537842512130737
335,0.4516640305519104
336,0.2660614252090454
337,0.5995588302612305
338,0.3190597891807556
339,0.3798849582672119
340,0.30370450019836426
341,0.31773877143859863
342,0.5405824184417725
343,0.24139554798603058
344,0.5539371967315674
345,0.23234325647354126
346,0.298566073179245
347,0.24169397354125977
348,0.378482460975647
349,0.2636958360671997
350,0.2887851297855377
351,0.48629388213157654
352,0.38623666763305664
353,0.4774322807788849
354,0.3543244004249573
355,0.2515593469142914
356,0.42201754450798035
357,0.29138779640197754
358,0.376777321100235
359,0.45243924856185913
360,0.2918606996536255
361,0.6380466222763062
362,0.35815849900245667
363,0.3098674416542053
364,0.3599052131175995
365,0.2931797206401825
366,0.5204712152481079
367,0.30537039041519165
368,0.33458155393600464
369,0.17941205203533173
370,0.15703541040420532
371,0.2755897343158722
372,0.4467923045158386
373,0.42516598105430603
374,0.3761630654335022
375,0.5065950155258179
376,0.28752899169921875
377,0.37689274549484253
378,0.41767582297325134
379,0.34316548705101013
380,0.4904327988624573
381,0.34572142362594604
382,0.46968692541122437
383,0.34739258885383606
384,0.4138827919960022
385,0.49985983967781067
386,0.32291948795318604
387,0.39513546228408813
388,0.4198850393295288
389,0.3109099566936493
390,0.2897166609764099
391,0.5003832578659058
392,0.5370932817459106
393,0.3354569673538208
394,0.5551411509513855
395,0.4390753507614136
396,0.410916805267334
397,0.2949186861515045
398,0.3973290026187897
399,0.45575249195098877
400,0.6209796667098999
401,0.4045601189136505
402,0.2505321204662323
403,0.24670572578907013
404,0.4402046501636505
405,0.43710237741470337
406,0.3003261983394623
407,0.4295421838760376
408,0.3150204122066498
409,0.5215495228767395
410,0.3292575478553772
411,0.36124253273010254
412,0.41900634765625
413,0.3283628225326538
414,0.28489798307418823
415,0.37381431460380554
416,0.3293715715408325
417,0.2905374765396118
418,0.46784505248069763
419,0.35342323780059814
420,0.34938153624534607
421,0.33587533235549927
422,0.4368104040622711
423,0.4764447510242462
424,0.5048567652702332
425,0.35655495524406433
426,0.5522500872612
427,0.41836869716644287
428,0.5108530521392822
429,0.5745514631271362
430,0.33682674169540405
431,0.2729199230670929
432,0.24724340438842773
433,0.4522832930088043
434,0.5281901359558105
435,0.14761245250701904
436,0.29784828424453735
437,0.4836042523384094
438,0.3510146737098694
439,0.44651898741722107
440,0.2965784966945648
441,0.47194787859916687
442,0.5351903438568115
443,0.36972665786743164
444,0.36658865213394165
445,0.38807278871536255
446,0.2719341218471527
447,0.42734837532043457
448,0.4097342789173126
449,0.5472968816757202
450,0.47918641567230225
451,0.384391188621521
452,0.3824484050273895
453,0.3933752179145813
454,0.46692726016044617
455,0.334835410118103
456,0.2768661379814148
457,0.16115045547485352
458,0.31356126070022583
459,0.4474220275878906
460,0.5542341470718384
461,0.32649922370910645
462,0.45415323972702026
463,0.45159977674484253
464,0.10679253190755844
465,0.25191935896873474
466,0.5188831090927124
467,0.3770441710948944
468,0.20196948945522308
469,0.3659757375717163
470,0.316739559173584
471,0.2539469599723816
472,0.5332013368606567
473,0.5402773022651672
474,0.37765875458717346
475,0.43572765588760376
476,0.417010098695755
477,0.4166790544986725
478,0.2998783588409424
479,0.30589818954467773
480,0.3245418667793274
481,0.4278538227081299
482,0.2711508274078369
483,0.19339022040367126
484,0.25471943616867065
485,0.4385181963443756
486,0.2716761529445648
487,0.3366520404815674
488,0.48575735092163086
489,0.36802172660827637
490,0.2079797089099884
491,0.19940105080604553
492,0.16547870635986328
493,0.3214748799800873
494,0.3641486167907715
495,0.4249792695045471
496,0.3283839523792267
497,0.14080241322517395
498,0.3248087763786316
499,0.4505751132965088
500,0.31817328929901123
501,0.546112596988678
502,0.4315587282180786
503,0.49020764231681824
504,0.36231565475463867
505,0.2375771403312683
506,0.28895634412765503
507,0.31673407554626465
508,0.3877663314342499
509,0.6484360098838806
510,0.3342757225036621
511,0.2925516664981842
512,0.5343297123908997
513,0.106751948595047
514,0.37323108315467834
515,0.38410434126853943
516,0.30820536613464355
517,0.4408457279205322
518,0.5479285717010498
519,0.18480730056762695
520,0.2880275845527649
521,0.2751498520374298
522,0.20569077134132385
523,0.4015049338340759
524,0.32948851585388184
525,0.593207061290741
526,0.6153234243392944
527,0.44398343563079834
528,0.3244905471801758
529,0.267204225063324
530,0.319305419921875
531,0.5072475671768188
532,0.5099985003471375
533,0.23417526483535767
534,0.4536195993423462
535,0.5320932269096375
536,0.4296100437641144
537,0.49199622869491577
538,0.3515244722366333
539,0.567122220993042
540,0.6257016658782959
541,0.4007379412651062
542,0.3121809959411621
543,0.3446737825870514
544,0.33308327198028564
545,0.5364669561386108
546,0.2222922146320343
547,0.2945976257324219
548,0.33861875534057617
549,0.6012336611747742
550,0.1989186704158783
551,0.556755781173706
552,0.6570940613746643
553,0.3539324998855591
554,0.42639148235321045
555,0.46128976345062256
556,0.3955472707748413
557,0.3041917681694031
558,0.32001757621765137
559,0.1226833313703537
560,0.32106348872184753
561,0.3707156777381897
562,0.5051126480102539
563,0.34918931126594543
564,0.2495003491640091
565,0.19154012203216553
566,0.31319522857666016
567,0.544175922870636
568,0.3476395606994629
569,0.5084978342056274
570,0.355379194021225
571,0.374197781085968
572,0.32753533124923706
573,0.25677549839019775
574,0.3907892107963562
575,0.39191728830337524
576,0.42138078808784485
577,0.17434442043304443
578,0.241364985704422
579,0.35504239797592163
580,0.2641545534133911
581,0.4848096966743469
582,0.38281840085983276
583,0.2013334333896637
584,0.21511141955852509
585,0.2555440366268158
586,0.41379988193511963
587,0.1707579791545868
588,0.2958357334136963
589,0.4206045866012573
590,0.3919256925582886
591,0.33722007274627686
592,0.3441535234451294
593,0.5430887937545776
594,0.3660244643688202
595,0.34792667627334595
596,0.39999938011169434
597,0.348826140165329
598,0.4856005609035492
599,0.39032870531082153
600,0.5077100396156311
601,0.30979928374290466
602,0.5658115744590759
603,0.40902334451675415
604,0.318006694316864
605,0.42304909229278564
606,0.2850828468799591
607,0.5447115898132324
608,0.40261131525039673
609,0.3834272027015686
610,0.17966531217098236
611,0.4745491147041321
612,0.3253327012062073
613,0.5060775279998779
614,0.4630975127220154
615,0.26814061403274536
616,0.3105224370956421
617,0.2675134837627411
618,0.4468648135662079
619,0.4822888970375061
620,0.49781450629234314
621,0.2072112262248993
622,0.5890600681304932
623,0.35923850536346436
624,0.31787168979644775
625,0.4952331483364105
626,0.39391160011291504
627,0.4461574852466583
628,0.5398272275924683
629,0.1973818838596344
630,0.23286473751068115
631,0.37479981780052185
632,0.41222354769706726
633,0.507138729095459
634,0.32751160860061646
635,0.23165109753608704
636,0.40428024530410767
637,0.1834336817264557
638,0.5170871019363403
639,0.43356335163116455
640,0.2738603353500366
641,0.33635976910591125
642,0.44605323672294617
643,0.3905597925186157
644,0.3785024881362915
645,0.46514660120010376
646,0.41889357566833496
647,0.4385824203491211
648,0.4795724153518677
649,0.48908573389053345
650,0.2520986795425415
651,0.3230099678039551
652,0.43433889746665955
653,0.3087976574897766
654,0.37762826681137085
655,0.11360074579715729
656,0.4376381039619446
657,0.373985230922699
658,0.21252666413784027
659,0.3083071708679199
660,0.3737494945526123
661,0.44318562746047974
662,0.3641834259033203
663,0.4285026490688324
664,0.3527318835258484
665,0.41745030879974365
666,0.2573215961456299
667,0.5381068587303162
668,0.299740731716156
669,0.4310172200202942
670,0.4524524211883545
671,0.43986162543296814
672,0.39363694190979004
673,0.2325013130903244
674,0.3587399125099182
675,0.4139392375946045
676,0.39879459142684937
677,0.4541693925857544
678,0.4753335118293762
679,0.309967577457428
680,0.3949628472328186
681,0.5160555839538574
682,0.512464702129364
683,0.38241612911224365
684,0.317243754863739
685,0.6181057691574097
686,0.4281923174858093
687,0.474160373210907
688,0.37797069549560547
689,0.19403418898582458
690,0.3360655903816223
691,0.06744884699583054
692,0.42975378036499023
693,0.4076918065547943
694,0.4914538264274597
695,0.44278475642204285
696,0.590918779373169
697,0.4545895457267761
698,0.6030679941177368
699,0.36419039964675903
700,0.2277519553899765
701,0.2805182933807373
702,0.3389345705509186
703,0.5327398777008057
704,0.21407568454742432
705,0.336215078830719
706,0.3595094084739685
707,0.33913975954055786
708,0.46333611011505127
709,0.34467267990112305
710,0.21110031008720398
711,0.4588247835636139
712,0.32230043411254883
713,0.3642975687980652
714,0.4392167329788208
715,0.3135523200035095
716,0.5335020422935486
717,0.4187076687812805
718,0.4691622853279114
719,0.5864725112915039
720,0.49941861629486084
721,0.28501108288764954
722,0.37822628021240234
723,0.21552419662475586
724,0.5309775471687317
725,0.387800395488739
726,0.20240378379821777
727,0.6064819097518921
728,0.28980034589767456
729,0.38741517066955566
730,0.5650523900985718
731,0.32602396607398987
732,0.3970310688018799
733,0.2541453540325165
734,0.120060496032238
735,0.49519404768943787
736,0.2453921139240265
737,0.24573171138763428
738,0.5975744128227234
739,0.40735453367233276
740,0.5060234069824219
741,0.24157758057117462
742,0.36762624979019165
743,0.48698005080223083
744,0.3829023838043213
745,0.283237099647522
746,0.2587012052536011
747,0.2754347324371338
748,0.5468965172767639
749,0.41970038414001465
750,0.45443063974380493
751,0.3762631416320801
752,0.2505863308906555
753,0.3835516571998596
754,0.2764873504638672
755,0.3371991515159607
756,0.34014275670051575
757,0.31517064571380615
758,0.4650248885154724
759,0.4415737986564636
760,0.44261598587036133
761,0.4260671138763428
762,0.2987794876098633
763,0.1586693376302719
764,0.4825845956802368
765,0.4207623600959778
766,0.37816184759140015
767,0.3150697946548462
768,0.4824538230895996
769,0.41575661301612854
770,0.37489306926727295
771,0.2992519736289978
772,0.386022686958313
773,0.2595057487487793
774,0.3897765576839447
775,0.3394940495491028
776,0.4359045922756195
777,0.29787111282348633
778,0.2885742485523224
779,0.41819947957992554
780,0.15590769052505493
781,0.19725538790225983
782,0.37133318185806274
783,0.4951357841491699
784,0.5415412187576294
785,0.43441101908683777
786,0.5849710702896118
787,0.25079813599586487
788,0.4621562063694
789,0.3118007779121399
790,0.3270564675331116
791,0.3581778407096863
792,0.2810668349266052
793,0.4935207962989807
794,0.30505695939064026
795,0.44841861724853516
796,0.30972257256507874
797,0.25568342208862305
798,0.34172698855400085
799,0.3605273962020874
800,0.09710697829723358
801,0.5622575879096985
802,0.32540810108184814
803,0.3590167164802551
804,0.5464949607849121
805,0.3026549220085144
806,0.22320976853370667
807,0.37804967164993286
808,0.5145062804222107
809,0.20881161093711853
810,0.5398951172828674
811,0.31072190403938293
812,0.16143997013568878
813,0.31726208329200745
814,0.20696288347244263
815,0.47540801763534546
816,0.47109609842300415
817,0.3687700033187866
818,0.5617896318435669
819,0.4227261543273926
820,0.5223218202590942
821,0.1794763207435608
822,0.6237525939941406
823,0.20523741841316223
824,0.474185585975647
825,0.2761605978012085
826,0.32985013723373413
827,0.32145437598228455
828,0.4398001432418823
829,0.40015262365341187
830,0.2639719247817993
831,0.22279265522956848
832,0.44319844245910645
833,0.43826958537101746
834,0.3334616720676422
835,0.5029473304748535
836,0.4499657452106476
837,0.4164794683456421
838,0.34064704179763794
839,0.4407750964164734
840,0.27989915013313293
841,0.4793621897697449
842,0.32998088002204895
843,0.3606576919555664
844,0.370918333530426
845,0.2765529155731201
846,0.28587406873703003
847,0.4365581274032593
848,0.608249843120575
849,0.3963180184364319
850,0.3325124680995941
851,0.46124380826950073
852,0.5378023386001587
853,0.3742768168449402
854,0.18188942968845367
855,0.15600381791591644
856,0.39606741070747375
857,0.2556169331073761
858,0.339428573846817
859,0.5149381756782532
860,0.40536409616470337
861,0.4153175354003906
862,0.2081998884677887
863,0.5543019771575928
864,0.45027440786361694
865,0.2969740629196167
866,0.42313987016677856
867,0.38149476051330566
868,0.2921295166015625
869,0.4210839867591858
870,0.4304489195346832
871,0.10349217057228088
872,0.47198179364204407
873,0.5130181312561035
874,0.49085044860839844
875,0.3050345182418823
876,0.5007103085517883
877,0.5547342300415039
878,0.23871858417987823
879,0.5496717691421509
880,0.4981432557106018
881,0.45647603273391724
882,0.47122901678085327
883,0.26041531562805176
884,0.3074830174446106
885,0.5627022385597229
886,0.41564133763313293
887,0.23261874914169312
888,0.4319576621055603
889,0.4091975688934326
890,0.5245578289031982
891,0.4090771973133087
892,0.23998352885246277
893,0.3723246157169342
894,0.3705134093761444
895,0.5412396788597107
896,0.4123118221759796
897,0.3187098503112793
898,0.3187870979309082
899,0.3336891233921051
900,0.4192100465297699
901,0.4554862380027771
902,0.34855377674102783
903,0.5169249773025513
904,0.16448061168193817
905,0.32118216156959534
906,0.5348175764083862
907,0.41891950368881226
908,0.4172213673591614
909,0.2967351973056793
910,0.44589537382125854
911,0.24904747307300568
912,0.28770360350608826
913,0.3478628396987915
914,0.5436841249465942
915,0.4854317903518677
916,0.29435282945632935
917,0.5665921568870544
918,0.38934949040412903
919,0.44536513090133667
920,0.5277498960494995
921,0.2749456763267517
922,0.283273845911026
923,0.5546265840530396
924,0.21233117580413818
925,0.3460673391819
926,0.1296210139989853
927,0.5489213466644287
928,0.2368406057357788
929,0.40239909291267395
930,0.4757765531539917
931,0.4153834581375122
932,0.517611026763916
933,0.45757102966308594
934,0.4290350079536438
935,0.39413267374038696
936,0.4284346401691437
937,0.47022545337677
938,0.37424030900001526
939,0.2015382945537567
940,0.36626169085502625
941,0.13868704438209534
942,0.4378931224346161
943,0.4493929147720337
944,0.4014172852039337
945,0.3341101109981537
946,0.5124690532684326
947,0.1714513748884201
948,0.5434681177139282
949,0.4209420382976532
950,0.3639798164367676
951,0.35810405015945435
952,0.4890894591808319
953,0.35578653216362
954,0.15856780111789703
955,0.31280532479286194
956,0.3763265609741211
957,0.3557169437408447
958,0.4533088803291321
959,0.1886555552482605
960,0.3964833915233612
961,0.44362300634384155
962,0.4295763373374939
963,0.21889910101890564
964,0.42854011058807373
965,0.3648301959037781
966,0.1941724270582199
967,0.36266374588012695
968,0.07272475957870483
969,0.4524850845336914
970,0.3314465284347534
971,0.45638352632522583
972,0.2422155737876892
973,0.559029221534729
974,0.370846152305603
975,0.1512117087841034
976,0.4698101878166199
977,0.18373435735702515
978,0.4399152398109436
979,0.5828238129615784
980,0.28968939185142517
981,0.5929762125015259
982,0.3509725332260132
983,0.3627505898475647
984,0.3081483542919159
985,0.5517656207084656
986,0.555052638053894
987,0.35493093729019165
988,0.45213544368743896
989,0.36104562878608704
990,0.25210821628570557
991,0.5124910473823547
992,0.39304178953170776
993,0.629028856754303
994,0.42333149909973145
995,0.3660019636154175
996,0.30048510432243347
997,0.5687038898468018
998,0.08412085473537445
999,0.4852122664451599
1000,0.506291389465332
1001,0.09292684495449066
1002,0.3492504060268402
1003,0.3590962290763855
1004,0.4361951947212219
1005,0.26943308115005493
1006,0.4418666362762451
1007,0.4345571994781494
1008,0.32421958446502686
1009,0.6437950134277344
1010,0.3651653230190277
1011,0.5229043960571289
1012,0.2717715799808502
1013,0.4367065131664276
1014,0.36810776591300964
1015,0.3762991428375244
1016,0.4333318769931793
1017,0.25844836235046387
1018,0.39113926887512207
1019,0.3253682553768158
1020,0.45749908685684204
1021,0.45131218433380127
1022,0.40116068720817566
1023,0.1688656061887741
1024,0.3937268853187561
1025,0.37519606947898865
1026,0.499411940574646
1027,0.34557825326919556
1028,0.20385468006134033
1029,0.23482191562652588
1030,0.33811140060424805
1031,0.30986976623535156
1032,0.2433045357465744
1033,0.3773918151855469
1034,0.3561534285545349
1035,0.27370357513427734
1036,0.4689527451992035
1037,0.49946141242980957
1038,0.30837029218673706
1039,0.47023558616638184
1040,0.3748248815536499
1041,0.3532826006412506
1042,0.5673832893371582
1043,0.2876606583595276
1044,0.4785950183868408
1045,0.3307647407054901
1046,0.5206142663955688
1047,0.5171173214912415
1048,0.2728537917137146
1049,0.27527254819869995
1050,0.18847551941871643
1051,0.2440980225801468
1052,0.40607625246047974
1053,0.2892971932888031
1054,0.4328860640525818
1055,0.5438757538795471
1056,0.348399817943573
1057,0.5956580638885498
1058,0.36063748598098755
1059,0.3831295073032379
1060,0.26645612716674805
1061,0.44671306014060974
1062,0.6169610619544983
1063,0.30791494250297546
1064,0.5154868364334106
1065,0.4425741136074066
1066,0.269331157207489
1067,0.4714391231536865
1068,0.44204795360565186
1069,0.6427770853042603
1070,0.3883104622364044
1071,0.266529381275177
1072,0.35141775012016296
1073,0.3803151249885559
1074,0.3098640441894531
1075,0.37205326557159424
1076,0.48592209815979004
1077,0.3553393483161926
1078,0.4520760178565979
1079,0.3656642436981201
1080,0.2947557866573334
1081,0.3560929298400879
1082,0.43321967124938965
1083,0.4814412593841553
1084,0.44151538610458374
1085,0.2921238839626312
1086,0.33870044350624084
1087,0.31237971782684326
1088,0.35904619097709656
1089,0.5046074390411377
1090,0.4368748664855957
1091,0.3368188738822937
1092,0.322866827249527
1093,0.32887905836105347
1094,0.31614917516708374
1095,0.2198050171136856
1096,0.5376797914505005
1097,0.26757779717445374
1098,0.34198832511901855
1099,0.4078150987625122
1100,0.51341712474823
1101,0.49557316303253174
1102,0.3906707465648651
1103,0.4149910807609558
1104,0.38560914993286133
1105,0.3833475112915039
1106,0.35135287046432495
1107,0.4186113476753235
1108,0.4986826777458191
1109,0.28165414929389954
1110,0.41338711977005005
1111,0.48302537202835083
1112,0.5609452724456787
1113,0.6191702485084534
1114,0.5836355686187744
1115,0.29936426877975464
1116,0.4499526619911194
1117,0.539838433265686
1118,0.6277148723602295
1119,0.3321467638015747
1120,0.4467220902442932
1121,0.4889490604400635
1122,0.31375497579574585
1123,0.5367040038108826
1124,0.31860998272895813
1125,0.3607068359851837
1126,0.40798234939575195
1127,0.3011131286621094
1128,0.22545701265335083
1129,0.5718001127243042
1130,0.42554837465286255
1131,0.21852605044841766
1132,0.4450345039367676
1133,0.5741390585899353
1134,0.37557971477508545
1135,0.5072916150093079
1136,0.3746958374977112
1137,0.5462820529937744
1138,0.6151995062828064
1139,0.4408305585384369
1140,0.3209548592567444
1141,0.3007652759552002
1142,0.4679500460624695
1143,0.5466506481170654
1144,0.28619566559791565
1145,0.4304701089859009
1146,0.35537242889404297
1147,0.38229548931121826
1148,0.21432267129421234
1149,0.533052384853363
1150,0.4542999267578125
1151,0.6411357522010803
1152,0.4019668698310852
1153,0.2760016620159149
1154,0.36843419075012207
1155,0.29995763301849365
1156,0.4194435179233551
1157,0.518642783164978
1158,0.38953906297683716
1159,0.43300631642341614
1160,0.17379441857337952
1161,0.41358792781829834
1162,0.503433108329773
1163,0.35165834426879883
1164,0.41594958305358887
1165,0.2754364609718323
1166,0.30249446630477905
1167,0.39887911081314087
1168,0.32298651337623596
1169,0.11545643955469131
1170,0.4919690489768982
1171,0.34726858139038086
1172,0.3775804936885834
1173,0.3437560498714447
1174,0.32394880056381226
1175,0.3874286413192749
1176,0.34242022037506104
1177,0.42527878284454346
1178,0.5173846483230591
1179,0.6137375831604004
1180,0.3446945548057556
1181,0.3861909508705139
1182,0.41249656677246094
1183,0.4867454469203949
1184,0.2978307604789734
1185,0.20698760449886322
1186,0.3304077088832855
1187,0.5018122792243958
1188,0.271232008934021
1189,0.05094461888074875
1190,0.31995344161987305
1191,0.21122093498706818
1192,0.26389676332473755
1193,0.48470237851142883
1194,0.5338493585586548
1195,0.3389168679714203
1196,0.14436373114585876
1197,0.5539255142211914
1198,0.41926640272140503
1199,0.4728885591030121
1200,0.3143881857395172
1201,0.36148887872695923
1202,0.40048521757125854
1203,0.34743136167526245
1204,0.457538902759552
1205,0.5434974431991577
1206,0.4372120797634125
1207,0.49098020792007446
1208,0.4133862257003784
1209,0.254622220993042
1210,0.5252346992492676
1211,0.31592175364494324
1212,0.5097635984420776
1213,0.5361689925193787
1214,0.3167428970336914
1215,0.27712440490722656
1216,0.36719316244125366
1217,0.34156787395477295
1218,0.28609099984169006
1219,0.2717912793159485
1220,0.4907459318637848
1221,0.4420738220214844
1222,0.28784358501434326
1223,0.34311142563819885
1224,0.47509467601776123
1225,0.37715691328048706
1226,0.2691802978515625
1227,0.28337204456329346
1228,0.28635233640670776
1229,0.5912060737609863
1230,0.16171479225158691
1231,0.3934206962585449
1232,0.08013724535703659
1233,0.40208500623703003
1234,0.2728416323661804
1235,0.19991707801818848
1236,0.2758190631866455
1237,0.20418471097946167
1238,0.22239017486572266
1239,0.45270171761512756
1240,0.3968363404273987
1241,0.35141292214393616
1242,0.5983576774597168
1243,0.39794379472732544
1244,0.2411857694387436
1245,0.3167960047721863
1246,0.43704521656036377
1247,0.5938869714736938
1248,0.4111485779285431
1249,0.41993147134780884
1250,0.2802369296550751
1251,0.42430248856544495
1252,0.6657298803329468
1253,0.3296965956687927
1254,0.34902340173721313
1255,0.4403628408908844
1256,0.4676350951194763
1257,0.5135672688484192
1258,0.2929975390434265
1259,0.25984352827072144
1260,0.4341910481452942
1261,0.30363917350769043
1262,0.5653113126754761
1263,0.5729542374610901
1264,0.3201226592063904
1265,0.27424356341362
1266,0.2833118438720703
1267,0.490904301404953
1268,0.36517414450645447
1269,0.5202920436859131
1270,0.3864899277687073
1271,0.5207252502441406
1272,0.5946418642997742
1273,0.15777471661567688
1274,0.39474284648895264
1275,0.4244132936000824
1276,0.35161322355270386
1277,0.5517494678497314
1278,0.283547967672348
1279,0.26756566762924194
1280,0.32701653242111206
1281,0.20225584506988525
1282,0.34520530700683594
1283,0.43617188930511475
1284,0.3918956518173218
1285,0.25424784421920776
1286,0.35643380880355835
1287,0.40323036909103394
1288,0.27086690068244934
1289,0.4654855728149414
1290,0.3774057626724243
1291,0.3489631414413452
1292,0.22970229387283325
1293,0.42141708731651306
1294,0.42658233642578125
1295,0.4512346684932709
1296,0.5269225835800171
1297,0.435720294713974
1298,0.19364938139915466
1299,0.5349518060684204
1300,0.3741488456726074
1301,0.20820252597332
1302,0.4395672380924225
1303,0.29829517006874084
1304,0.2514992356300354
1305,0.4806405305862427
1306,0.3258272111415863
1307,0.48879778385162354
1308,0.4745813310146332
1309,0.20433640480041504
1310,0.30858996510505676
1311,0.45099854469299316
1312,0.42055660486221313
1313,0.7006000280380249
1314,0.4320937395095825
1315,0.41445493698120117
1316,0.3581138849258423
1317,0.3535291254520416
1318,0.24874073266983032
1319,0.4791479706764221
1320,0.40245839953422546
1321,0.4160173535346985
1322,0.3196115791797638
1323,0.28001120686531067
1324,0.17852485179901123
1325,0.09514252841472626
1326,0.17886948585510254
1327,0.41739583015441895
1328,0.4714728593826294
1329,0.31216633319854736
1330,0.35763001441955566
1331,0.5488749146461487
1332,0.4454941153526306
1333,0.4402678608894348
1334,0.41074803471565247
1335,0.2598405182361603
1336,0.36242496967315674
1337,0.4188564419746399
1338,0.5381792783737183
1339,0.35882875323295593
1340,0.4399082362651825
1341,0.5316880941390991
1342,0.35236817598342896
1343,0.2568158507347107
1344,0.26216042041778564
1345,0.2646781802177429
1346,0.26058265566825867
1347,0.4897614121437073
1348,0.33109158277511597
1349,0.561760425567627
1350,0.4861108362674713
1351,0.2863575220108032
1352,0.30237382650375366
1353,0.32386255264282227
1354,0.5005460977554321
1355,0.23162898421287537
1356,0.38780808448791504
1357,0.5539430379867554
1358,0.3319892883300781
1359,0.4474872350692749
1360,0.5411714315414429
1361,0.47154638171195984
1362,0.2458270937204361
1363,0.29961633682250977
1364,0.21497029066085815
1365,0.2642754316329956
1366,0.4157963991165161
1367,0.4602910280227661
1368,0.3014173209667206
1369,0.41935062408447266
1370,0.28802692890167236
1371,0.4966750741004944
1372,0.269264280796051
1373,0.2650967836380005
1374,0.3099014163017273
1375,0.3210300803184509
1376,0.2666725814342499
1377,0.4358748197555542
1378,0.616349458694458
1379,0.6334500312805176
1380,0.557220995426178
1381,0.35357987880706787
1382,0.4205203652381897
1383,0.33337998390197754
1384,0.23496972024440765
1385,0.41358768939971924
1386,0.3211146295070648
1387,0.3958934545516968
1388,0.3591051697731018
1389,0.3321755826473236
1390,0.11967211216688156
1391,0.3893163800239563
1392,0.6796152591705322
1393,0.499122679233551
1394,0.5427507162094116
1395,0.48716866970062256
1396,0.3058708608150482
1397,0.4772343635559082
1398,0.4728693664073944
1399,0.43768489360809326
1400,0.33616164326667786
1401,0.3472740054130554
1402,0.3993748426437378
1403,0.4336576461791992
1404,0.3761378228664398
1405,0.3489972949028015
1406,0.37996700406074524
1407,0.4504847228527069
1408,0.34429028630256653
1409,0.44535863399505615
1410,0.4753679037094116
1411,0.49000149965286255
1412,0.32426074147224426
1413,0.30995240807533264
1414,0.3141099810600281
1415,0.33729246258735657
1416,0.37811779975891113
1417,0.42197659611701965
1418,0.3170589804649353
1419,0.2538737654685974
1420,0.5745553374290466
1421,0.3486195206642151
1422,0.431098997592926
1423,0.5011897087097168
1424,0.03238861635327339
1425,0.25532853603363037
1426,0.25729629397392273
1427,0.22008854150772095
1428,0.41838783025741577
1429,0.19629666209220886
1430,0.38629263639450073
1431,0.3421497642993927
1432,0.3580063283443451
1433,0.4081491231918335
1434,0.3763541281223297
1435,0.402803897857666
1436,0.21898093819618225
1437,0.4863443076610565
1438,0.31447023153305054
1439,0.42798441648483276
1440,0.1995820701122284
1441,0.30718302726745605
1442,0.32798880338668823
1443,0.5864687561988831
1444,0.4691053628921509
1445,0.5304593443870544
1446,0.343548446893692
1447,0.5183195471763611
1448,0.39943748712539673
1449,0.27874457836151123
1450,0.363760769367218
1451,0.5323182344436646
1452,0.30434465408325195
1453,0.2927679419517517
1454,0.47195643186569214
1455,0.3677579462528229
1456,0.2217549979686737
1457,0.5991262197494507
1458,0.364749550819397
1459,0.38286083936691284
1460,0.22894541919231415
1461,0.28605908155441284
1462,0.35824912786483765
1463,0.4415019750595093
1464,0.278841495513916
1465,0.2637362480163574
1466,0.45674675703048706
1467,0.34121108055114746
1468,0.5489678978919983
1469,0.34828072786331177
1470,0.29438045620918274
1471,0.29152998328208923
1472,0.38598310947418213
1473,0.28967756032943726
1474,0.48827657103538513
1475,0.6277180910110474
1476,0.3357795476913452
1477,0.33060845732688904
1478,0.32580381631851196
1479,0.39386674761772156
1480,0.353610098361969
1481,0.37670403718948364
1482,0.41886216402053833
1483,0.3382323086261749
1484,0.33178067207336426
1485,0.2938467860221863
1486,0.3329009413719177
1487,0.42385661602020264
1488,0.6406331658363342
1489,0.4866948127746582
1490,0.3432018458843231
1491,0.12822586297988892
1492,0.41784247756004333
1493,0.4220757484436035
1494,0.335881769657135
1495,0.3865678310394287
1496,0.47225451469421387
1497,0.286262571811676
1498,0.2630561590194702
1499,0.26176872849464417
1500,0.3570873737335205
1501,0.34250181913375854
1502,0.17903763055801392
1503,0.21456140279769897
1504,0.3523387014865875
1505,0.3764092028141022
1506,0.3846891224384308
1507,0.32952332496643066
1508,0.2802336513996124
1509,0.4697328507900238
1510,0.41759994626045227
1511,0.37727606296539307
1512,0.4790250360965729
1513,0.3750469982624054
1514,0.33769091963768005
1515,0.34607774019241333
1516,0.4541269540786743
1517,0.26572245359420776
1518,0.33782970905303955
1519,0.28281745314598083
1520,0.4664093255996704
1521,0.23280829191207886
1522,0.7519894242286682
1523,0.5306885838508606
1524,0.5411105751991272
1525,0.4851122498512268
1526,0.5671331882476807
1527,0.5335819721221924
1528,0.2919618487358093
1529,0.5999931693077087
1530,0.37308943271636963
1531,0.3262507915496826
1532,0.2843860685825348
1533,0.3440680205821991
1534,0.2759227454662323
1535,0.4465857148170471
1536,0.41910433769226074
1537,0.03315996006131172
1538,0.5919995307922363
1539,0.1854570508003235
1540,0.5130017995834351
1541,0.3110671043395996
1542,0.32535505294799805
1543,0.2986898422241211
1544,0.3514947295188904
1545,0.5356354713439941
1546,0.4802047610282898
1547,0.2821674048900604
1548,0.5873810052871704
1549,0.5252057313919067
1550,0.40059107542037964
1551,0.4281045198440552
1552,0.49784472584724426
1553,0.5540598630905151
1554,0.2571830153465271
1555,0.4834461212158203
1556,0.49107950925827026
1557,0.3744453489780426
1558,0.32136401534080505
1559,0.40642523765563965
1560,0.16970399022102356
1561,0.45504745841026306
1562,0.12272108346223831
1563,0.5439901947975159
1564,0.41969531774520874
1565,0.4939214885234833
1566,0.302346408367157
1567,0.3976999521255493
1568,0.4219333827495575
1569,0.4892653822898865
1570,0.5241081714630127
1571,0.42691168189048767
1572,0.38408881425857544
1573,0.3279880881309509
1574,0.19874641299247742
1575,0.32217273116111755
1576,0.2707049250602722
1577,0.29248303174972534
1578,0.3861914277076721
1579,0.5098221898078918
1580,0.36828145384788513
1581,0.43533241748809814
1582,0.2797771990299225
1583,0.4308515191078186
1584,0.4360485076904297
1585,0.27828896045684814
1586,0.3574540317058563
1587,0.5468206405639648
1588,0.46790844202041626
1589,0.47301122546195984
1590,0.45010533928871155
1591,0.29629379510879517
1592,0.20671869814395905
1593,0.3672882318496704
1594,0.40770474076271057
1595,0.33084675669670105
1596,0.2505786418914795
1597,0.37653470039367676
1598,0.27401798963546753
1599,0.3630859851837158
1600,0.2843180298805237
1601,0.049142025411129
1602,0.39312729239463806
1603,0.39318835735321045
1604,0.5040953755378723
1605,0.435674250125885
1606,0.3347564935684204
1607,0.3712354302406311
1608,0.29143667221069336
1609,0.31789660453796387
1610,0.672307550907135
1611,0.44998884201049805
1612,0.3548194468021393
1613,0.4788588881492615
1614,0.4992556869983673
1615,0.36577102541923523
1616,0.46687665581703186
1617,0.30839431285858154
1618,0.3184686601161957
1619,0.24472862482070923
1620,0.2804417908191681
1621,0.4346158802509308
1622,0.3252195715904236
1623,0.4718339443206787
1624,0.36490362882614136
1625,0.3482168912887573
1626,0.3607993721961975
1627,0.33915555477142334
1628,0.44269222021102905
1629,0.6167572736740112
1630,0.4744940996170044
1631,0.352219820022583
1632,0.3817530572414398
1633,0.48562103509902954
1634,0.3956984877586365
1635,0.550788164138794
1636,0.4037763476371765
1637,0.37277311086654663
1638,0.3376873731613159
1639,0.39686650037765503
1640,0.3995872139930725
1641,0.23469354212284088
1642,0.39731892943382263
1643,0.5103272199630737
1644,0.29505401849746704
1645,0.2566983699798584
1646,0.26586228609085083
1647,0.33042681217193604
1648,0.30588623881340027
1649,0.34866273403167725
1650,0.07368291914463043
1651,0.6267925500869751
1652,0.620831310749054
1653,0.3075844347476959
1654,0.2725430130958557
1655,0.4386520981788635
1656,0.33973222970962524
1657,0.3023715913295746
1658,0.3510666787624359
1659,0.2903473973274231
1660,0.4278342127799988
1661,0.30720165371894836
1662,0.31169041991233826
1663,0.2796671986579895
1664,0.5408538579940796
1665,0.28706544637680054
1666,0.32200467586517334
1667,0.5868039131164551
1668,0.41073158383369446
1669,0.4598633050918579
1670,0.42933496832847595
1671,0.30112409591674805
1672,0.43118005990982056
1673,0.29519474506378174
1674,0.21688339114189148
1675,0.19057637453079224
1676,0.2785366177558899
1677,0.3698108196258545
1678,0.3629567623138428
1679,0.3052278757095337
1680,0.3029468059539795
1681,0.4222317934036255
1682,0.29363834857940674
1683,0.38654613494873047
1684,0.37324225902557373
1685,0.5045949220657349
1686,0.3882995843887329
1687,0.5002171993255615
1688,0.3215106725692749
1689,0.32575851678848267
1690,0.3219444751739502
1691,0.30702149868011475
1692,0.2902531623840332
1693,0.36577102541923523
1694,0.7169646620750427
1695,0.2681925296783447
1696,0.43563979864120483
1697,0.5883479118347168
1698,0.311957985162735
1699,0.2954699397087097
1700,0.49082815647125244
1701,0.23806317150592804
1702,0.39236536622047424
1703,0.5915776491165161
1704,0.4245656430721283
1705,0.15524199604988098
1706,0.38766127824783325
1707,0.372620552778244
1708,0.5400471687316895
1709,0.21143528819084167
1710,0.41087570786476135
1711,0.3631369471549988
1712,0.3642551302909851
1713,0.4162525534629822
1714,0.4077572822570801
1715,0.49375903606414795
1716,0.33184462785720825
1717,0.3113246560096741
1718,0.4491443634033203
1719,0.2958019971847534
1720,0.18305209279060364
1721,0.2973659038543701
1722,0.43130195140838623
1723,0.2068350613117218
1724,0.5085179805755615
1725,0.3984362483024597
1726,0.49820512533187866
1727,0.37999391555786133
1728,0.40723296999931335
1729,0.22588934004306793
1730,0.18726183474063873
1731,0.24062927067279816
1732,0.4784366190433502
1733,0.19317379593849182
1734,0.28158336877822876
1735,0.3342069387435913
1736,0.5472328066825867
1737,0.5396841764450073
1738,0.34329473972320557
1739,0.18610599637031555
1740,0.4363745450973511
1741,0.6007899045944214
1742,0.47018712759017944
1743,0.5277163982391357
1744,0.3280818462371826
1745,0.486427366733551
1746,0.43193864822387695
1747,0.4502091705799103
1748,0.3341034948825836
1749,0.4056769609451294
1750,0.6448181867599487
1751,0.3893594741821289
1752,0.4905166029930115
1753,0.45156586170196533
1754,0.5367055535316467
1755,0.24508464336395264
1756,0.6883006691932678
1757,0.288392573595047
1758,0.3347729742527008
1759,0.41682419180870056
1760,0.5611947178840637
1761,0.18669629096984863
1762,0.24632911384105682
1763,0.3437943756580353
1764,0.3277861475944519
1765,0.20199531316757202
1766,0.35402122139930725
1767,0.4981060326099396
1768,0.42313116788864136
1769,0.24151942133903503
1770,0.2418944239616394
1771,0.3308686316013336
1772,0.14231553673744202
1773,0.11625029146671295
1774,0.44825559854507446
1775,0.32898640632629395
1776,0.4141225814819336
1777,0.230679452419281
1778,0.26848602294921875
1779,0.2174040973186493
1780,0.32228779792785645
1781,0.14922097325325012
1782,0.48477599024772644
1783,0.44588562846183777
1784,0.4415808916091919
1785,0.3722534775733948
1786,0.26095378398895264
1787,0.231401264667511
1788,0.49708110094070435
1789,0.3334029018878937
1790,0.42000797390937805
1791,0.3523240089416504
1792,0.4761454164981842
1793,0.7070678472518921
1794,0.3566268980503082
1795,0.29363515973091125
1796,0.29489147663116455
1797,0.31779229640960693
1798,0.3939376473426819
1799,0.31302696466445923
1800,0.3811264634132385
1801,0.37127402424812317
1802,0.45072054862976074
1803,0.2879185378551483
1804,0.48378705978393555
1805,0.2758968472480774
1806,0.6102365255355835
1807,0.48199987411499023
1808,0.2397017478942871
1809,0.3514769971370697
1810,0.47806045413017273
1811,0.3758217990398407
1812,0.3197704553604126
1813,0.39424771070480347
1814,0.5611714124679565
1815,0.2378319799900055
1816,0.2293590009212494
1817,0.27645039558410645
1818,0.5219367742538452
1819,0.4367579221725464
1820,0.37457460165023804
1821,0.34497323632240295
1822,0.3051301836967468
1823,0.4519575238227844
1824,0.3813048005104065
1825,0.17020678520202637
1826,0.23000586032867432
1827,0.3985103964805603
1828,0.47082751989364624
1829,0.5419679880142212
1830,0.4595794677734375
1831,0.40528279542922974
1832,0.18829581141471863
1833,0.6498441696166992
1834,0.4186581075191498
1835,0.4089699983596802
1836,0.2702430188655853
1837,0.3536272644996643
1838,0.4212573766708374
1839,0.4731020927429199
1840,0.6913862228393555
1841,0.286897748708725
1842,0.3877725601196289
1843,0.5840888619422913
1844,0.423186331987381
1845,0.47762107849121094
1846,0.39642155170440674
1847,0.4956815838813782
1848,0.31314533948898315
1849,0.576910138130188
1850,0.6371131539344788
1851,0.28900325298309326
1852,0.34894680976867676
1853,0.286893367767334
1854,0.2691227197647095
1855,0.26127058267593384
1856,0.38848254084587097
1857,0.535127580165863
1858,0.4051583409309387
1859,0.5398120880126953
1860,0.383607417345047
1861,0.6522691249847412
1862,0.38130784034729004
1863,0.4262010157108307
1864,0.4968177080154419
1865,0.3060947060585022
1866,0.2669985294342041
1867,0.4616739749908447
1868,0.46511751413345337
1869,0.17195138335227966
1870,0.2954806685447693
1871,0.3225563168525696
1872,0.46588483452796936
1873,0.6364026665687561
1874,0.19831497967243195
1875,0.47413772344589233
1876,0.43359115719795227
1877,0.5271751284599304
1878,0.43218302726745605
1879,0.33436065912246704
1880,0.4629099369049072
1881,0.2996220290660858
1882,0.49640846252441406
1883,0.4196338653564453
1884,0.5722002387046814
1885,0.22853983938694
1886,0.533585786819458
1887,0.35680705308914185
1888,0.39865654706954956
1889,0.29802441596984863
1890,0.456640362739563
1891,0.34142056107521057
1892,0.4428185224533081
1893,0.4335108995437622
1894,0.3890800178050995
1895,0.5521160364151001
1896,0.510807454586029
1897,0.3955076038837433
1898,0.3387956917285919
1899,0.41445380449295044
1900,0.15889155864715576
1901,0.46134376525878906
1902,0.5083820819854736
1903,0.3812299966812134
1904,0.32799187302589417
1905,0.4018447995185852
1906,0.30025696754455566
1907,0.3992207944393158
1908,0.3393813967704773
1909,0.36619606614112854
1910,0.28889384865760803
1911,0.39782896637916565
1912,0.44105958938598633
1913,0.29434895515441895
1914,0.316582053899765
1915,0.3676333725452423
1916,0.3598036766052246
1917,0.4994828402996063
1918,0.4872693419456482
1919,0.34221845865249634
1920,0.2966006398200989
1921,0.22535911202430725
1922,0.29452967643737793
1923,0.3927995562553406
1924,0.3724766969680786
1925,0.3959108591079712
1926,0.597037672996521
1927,0.35440295934677124
1928,0.4367126226425171
1929,0.4504320025444031
1930,0.4408840537071228
1931,0.4322397708892822
1932,0.27940425276756287
1933,0.386698454618454
1934,0.19340400397777557
1935,0.33458203077316284
1936,0.3256525695323944
1937,0.42778995633125305
1938,0.41579553484916687
1939,0.4693836569786072
1940,0.6156025528907776
1941,0.4698350429534912
1942,0.4145990014076233
1943,0.40598201751708984
1944,0.5418945550918579
1945,0.3411974310874939
1946,0.4686232805252075
1947,0.4403751492500305
1948,0.3460809290409088
1949,0.4923152029514313
1950,0.2112640142440796
1951,0.5132238268852234
1952,0.23351576924324036
1953,0.4785729646682739
1954,0.5398584604263306
1955,0.4792352020740509
1956,0.3661748170852661
1957,0.4844149053096771
1958,0.3011927008628845
1959,0.3340485692024231
1960,0.3467146158218384
1961,0.3563249111175537
1962,0.35687971115112305
1963,0.564801812171936
1964,0.3905569911003113
1965,0.3399508595466614
1966,0.5609747171401978
1967,0.41412147879600525
1968,0.23284539580345154
1969,0.31729578971862793
1970,0.47362220287323
1971,0.129571795463562
1972,0.4220416843891144
1973,0.37878260016441345
1974,0.49663829803466797
1975,0.3003811836242676
1976,0.4630720615386963
1977,0.6031230092048645
1978,0.33840540051460266
1979,0.4894750118255615
1980,0.18564923107624054
1981,0.46123218536376953
1982,0.27142637968063354
1983,0.26011142134666443
1984,0.24366030097007751
1985,0.42307114601135254
1986,0.34145355224609375
1987,0.4269523024559021
1988,0.2802252769470215
1989,0.4124254584312439
1990,0.12134736776351929
1991,0.17757435142993927
1992,0.6466415524482727
1993,0.5288580656051636
1994,0.11212577670812607
1995,0.31222379207611084
1996,0.685253381729126
1997,0.3196025490760803
1998,0.5361331105232239
1999,0.6441898345947266
2000,0.30333322286605835
2001,0.45072707533836365
2002,0.4751763939857483
2003,0.5875997543334961
2004,0.4366675019264221
2005,0.4528293311595917
2006,0.4221837520599365
2007,0.4783858060836792
2008,0.2595532238483429
2009,0.39829203486442566
2010,0.4618716835975647
2011,0.38140979409217834
2012,0.5441318154335022
2013,0.4438929557800293
2014,0.2969329059123993
2015,0.5262942314147949
2016,0.4026728868484497
2017,0.4705657958984375
2018,0.39765486121177673
2019,0.37631937861442566
2020,0.24800461530685425
2021,0.5116485357284546
2022,0.3425147533416748
2023,0.5586059093475342
2024,0.4927753806114197
2025,0.4526904225349426
2026,0.4281582832336426
2027,0.455817848443985
2028,0.3125961124897003
2029,0.40967464447021484
2030,0.2869615852832794
2031,0.5897643566131592
2032,0.2842048108577728
2033,0.20246586203575134
2034,0.5176914930343628
2035,0.3275299668312073
2036,0.2506861388683319
2037,0.1106829047203064
2038,0.4140796959400177
2039,0.3228800296783447
2040,0.4115261435508728
2041,0.2724410891532898
2042,0.5433816909790039
2043,0.19898220896720886
2044,0.45117801427841187
2045,0.35418468713760376
2046,0.4312487840652466
2047,0.3756585717201233
2048,0.31886041164398193
2049,0.5515724420547485
2050,0.2018868625164032
2051,0.40285468101501465
2052,0.4732222855091095
2053,0.29201066493988037
2054,0.31149691343307495
2055,0.4270969033241272
2056,0.5341178178787231
2057,0.3624567687511444
2058,0.2230868935585022
2059,0.3781673312187195
2060,0.30634570121765137
2061,0.3446475863456726
2062,0.1898241639137268
2063,0.5427346229553223
2064,0.40430623292922974
2065,0.4337710738182068
2066,0.1597231924533844
2067,0.39749136567115784
2068,0.3064468502998352
2069,0.31705325841903687
2070,0.35388365387916565
2071,0.48671746253967285
2072,0.4674701690673828
2073,0.25788408517837524
2074,0.159638911485672
2075,0.2261316478252411
2076,0.16839726269245148
2077,0.24256636202335358
2078,0.18991482257843018
2079,0.29714471101760864
2080,0.38107967376708984
2081,0.31639087200164795
2082,0.2361900508403778
2083,0.26056230068206787
2084,0.4959135055541992
2085,0.4193089008331299
2086,0.41778242588043213
2087,0.09248020499944687
2088,0.19261762499809265
2089,0.45750996470451355
2090,0.4088438153266907
2091,0.2863891124725342
2092,0.27881312370300293
2093,0.30357053875923157
2094,0.27491775155067444
2095,0.3369247019290924
2096,0.3134590983390808
2097,0.4147363007068634
2098,0.46159592270851135
2099,0.3907325267791748
2100,0.2671216130256653
2101,0.3162851929664612
2102,0.25384607911109924
2103,0.2937108874320984
2104,0.2852020859718323
2105,0.3329174518585205
2106,0.25290584564208984
2107,0.594950795173645
2108,0.3832229971885681
2109,0.4864334464073181
2110,0.4771239459514618
2111,0.3834952116012573
2112,0.45765939354896545
2113,0.3331601917743683
2114,0.5486335754394531
2115,0.38024863600730896
2116,0.4267832338809967
2117,0.13373726606369019
2118,0.3249582052230835
2119,0.19850927591323853
2120,0.4911201596260071
2121,0.4329644739627838
2122,0.426975280046463
2123,0.39811158180236816
2124,0.28367364406585693
2125,0.466877281665802
2126,0.41205891966819763
2127,0.3784780204296112
2128,0.40921854972839355
2129,0.46760261058807373
2130,0.4865005612373352
2131,0.43172645568847656
2132,0.4172583222389221
2133,0.3160090446472168
2134,0.22049060463905334
2135,0.1593620628118515
2136,0.4318769872188568
2137,0.31141555309295654
2138,0.4297615885734558
2139,0.43951138854026794
2140,0.5011651515960693
2141,0.4440704882144928
2142,0.25075146555900574
2143,0.4261929988861084
2144,0.2788928747177124
2145,0.33080968260765076
2146,0.4353574514389038
2147,0.3733525574207306
2148,0.14820492267608643
2149,0.25629323720932007
2150,0.48954254388809204
2151,0.22610950469970703
2152,0.18086206912994385
2153,0.4728764295578003
2154,0.33188462257385254
2155,0.5828824043273926
2156,0.3396216332912445
2157,0.35770487785339355
2158,0.3077549338340759
2159,0.4572119414806366
2160,0.5188865065574646
2161,0.3899240493774414
2162,0.48107677698135376
2163,0.4144894480705261
2164,0.24128663539886475
2165,0.2877981960773468
2166,0.42395150661468506
2167,0.39923110604286194
2168,0.38669365644454956
2169,0.43352439999580383
2170,0.3909919857978821
2171,0.32515305280685425
2172,0.4710778295993805
2173,0.4229031205177307
2174,0.13212230801582336
2175,0.3412909209728241
2176,0.487820565700531
2177,0.5147327184677124
2178,0.3142060339450836
2179,0.5614241361618042
2180,0.34513920545578003
2181,0.41079479455947876
2182,0.4301976263523102
2183,0.2668086886405945
2184,0.03790869563817978
2185,0.010846614837646484
2186,0.21131901443004608
2187,0.3628297746181488
2188,0.41162240505218506
2189,0.44340190291404724
2190,0.376592755317688
2191,0.4947604537010193
2192,0.3192289471626282
2193,0.49345383048057556
2194,0.36978471279144287
2195,0.13100747764110565
2196,0.3282455801963806
2197,0.39866185188293457
2198,0.22333425283432007
2199,0.274306058883667
2200,0.4977167248725891
2201,0.5948013663291931
2202,0.36822509765625
2203,0.587126612663269
2204,0.4089767336845398
2205,0.4281105399131775
2206,0.43233123421669006
2207,0.2449173629283905
2208,0.38055872917175293
2209,0.47849738597869873
2210,0.4648434519767761
2211,0.3536680340766907
2212,0.34252315759658813
2213,0.5522172451019287
2214,0.1749289631843567
2215,0.42882516980171204
2216,0.4558125436306
2217,0.18489274382591248
2218,0.35162365436553955
2219,0.4094581604003906
2220,0.5725340247154236
2221,0.3027743101119995
2222,0.46221470832824707
2223,0.5186710357666016
2224,0.3307264447212219
2225,0.45147043466567993
2226,0.2859386205673218
2227,0.31187471747398376
2228,0.3163366913795471
2229,0.3744749426841736
2230,0.5981900691986084
2231,0.17406541109085083
2232,0.5683515071868896
2233,0.5840733051300049
2234,0.32148903608322144
2235,0.5105323791503906
2236,0.2644948363304138
2237,0.32074615359306335
2238,0.295539528131485
2239,0.38676729798316956
2240,0.4357975125312805
2241,0.13661880791187286
2242,0.44997113943099976
2243,0.25178059935569763
2244,0.1758955717086792
2245,0.3117300868034363
2246,0.31121549010276794
2247,0.2600615322589874
2248,0.362192302942276
2249,0.4035608172416687
2250,0.5669907927513123
2251,0.17102205753326416
2252,0.3263266086578369
2253,0.3491499423980713
2254,0.2906792163848877
2255,0.4245961904525757
2256,0.33525049686431885
2257,0.27028942108154297
2258,0.5304335355758667
2259,0.49015524983406067
2260,0.48412781953811646
2261,0.3578336536884308
2262,0.597166121006012
2263,0.4967496395111084
2264,0.4010924696922302
2265,0.5161786675453186
2266,0.24041616916656494
2267,0.39836472272872925
2268,0.43844953179359436
2269,0.2125033140182495
2270,0.3106772303581238
2271,0.3235234022140503
2272,0.5089529752731323
2273,0.27391019463539124
2274,0.32505685091018677
2275,0.333548903465271
2276,0.2997077405452728
2277,0.40092411637306213
2278,0.06503625959157944
2279,0.37834692001342773
2280,0.32741105556488037
2281,0.2531765103340149
2282,0.4469642639160156
2283,0.3083798289299011
2284,1.000000238418579
2285,0.36517414450645447
2286,0.4555342197418213
2287,0.2972373962402344
2288,0.13225507736206055
2289,0.13386735320091248
2290,0.42153894901275635
2291,0.430164098739624
2292,0.4067462682723999
2293,0.23064182698726654
2294,0.5796529054641724
2295,0.44821077585220337
2296,0.4227246642112732
2297,0.48618561029434204
2298,0.31540054082870483
2299,0.36845165491104126
2300,0.371547669172287
2301,0.5056777596473694
2302,0.3366406559944153
2303,0.3364364206790924
2304,0.2430393099784851
2305,0.38506728410720825
2306,0.3193891644477844
2307,0.23880967497825623
2308,0.377457857131958
2309,0.21477028727531433
2310,0.2173330932855606
2311,0.5220909118652344
2312,0.3724313974380493
2313,0.7063852548599243
2314,0.41990649700164795
2315,0.6593829989433289
2316,0.31791064143180847
2317,0.4504695534706116
2318,0.23372265696525574
2319,0.5184454917907715
2320,0.3284541964530945
2321,0.4694252610206604
2322,0.354919970035553
2323,0.25480812788009644
2324,0.46570003032684326
2325,0.6290249824523926
2326,0.3321376144886017
2327,0.3138800859451294
2328,0.32339540123939514
2329,0.32729125022888184
2330,0.5925343036651611
2331,0.6551505923271179
2332,0.47126805782318115
2333,0.5696030259132385
2334,0.2252812683582306
2335,0.5984436869621277
2336,0.3520846664905548
2337,0.24464847147464752
2338,0.11419005692005157
2339,0.3316565155982971
2340,0.40404272079467773
2341,0.23032520711421967
2342,0.35616880655288696
2343,0.48999857902526855
2344,0.4336440861225128
2345,0.30823272466659546
2346,0.3585241436958313
2347,0.4264228940010071
2348,0.49720457196235657
2349,0.33575713634490967
2350,0.38594478368759155
2351,0.5980297327041626
2352,0.5367509126663208
2353,0.21525511145591736
2354,0.39216193556785583
2355,0.5063029527664185
2356,0.44464388489723206
2357,0.1393214762210846
2358,0.2915666699409485
2359,0.36145102977752686
2360,0.4410368800163269
2361,0.09774571657180786
2362,0.5922856330871582
2363,0.2349575161933899
2364,0.5858471393585205
2365,0.3349531888961792
2366,0.4769171178340912
2367,0.4675534665584564
2368,0.37771105766296387
2369,0.401283860206604
2370,0.6001819968223572
2371,0.4064263105392456
2372,0.47643980383872986
2373,0.5594624280929565
2374,0.3427441120147705
2375,0.35658207535743713
2376,0.38670486211776733
2377,0.5401418209075928
2378,0.4222261905670166
2379,0.3787185251712799
2380,0.33328086137771606
2381,0.429156094789505
2382,0.3350963592529297
2383,0.24631886184215546
2384,0.42355358600616455
2385,0.5162767171859741
2386,0.22417676448822021
2387,0.3176555633544922
2388,0.25206175446510315
2389,0.2591555416584015
2390,0.4376221299171448
2391,0.6576838493347168
2392,0.251666784286499
2393,0.4243980348110199
2394,0.48040202260017395
2395,0.5927008986473083
2396,0.42849200963974
2397,0.4056989550590515
2398,0.2651093006134033
2399,0.1863635629415512
2400,0.3402763307094574
2401,0.11217845976352692
2402,0.3398449420928955
2403,0.4675159156322479
2404,0.2839006781578064
2405,0.35727035999298096
2406,0.1813703179359436
2407,0.32972919940948486
2408,0.4049540162086487
2409,0.5638093948364258
2410,0.4201074540615082
2411,0.5751128196716309
2412,0.3256758451461792
2413,0.46874159574508667
2414,0.31955423951148987
2415,0.4214172661304474
2416,0.520750105381012
2417,0.4661828279495239
2418,0.26193875074386597
2419,0.3925914168357849
2420,0.4170694053173065
2421,0.2872452735900879
2422,0.3677957057952881
2423,0.46360570192337036
2424,0.3081481456756592
2425,0.26514285802841187
2426,0.3588712811470032
2427,0.4282507300376892
2428,0.344482421875
2429,0.2779165506362915
2430,0.46878278255462646
2431,0.04104319214820862
2432,0.4901586174964905
2433,0.2565557360649109
2434,0.3404776155948639
2435,0.2209818959236145
2436,0.3523140847682953
2437,0.5046820044517517
2438,0.4789082407951355
2439,0.4234578609466553
2440,0.3283340334892273
2441,0.31895625591278076
2442,0.5540319681167603
2443,0.38165491819381714
2444,0.3592508137226105
2445,0.42714107036590576
2446,0.21097829937934875
2447,0.4678843021392822
2448,0.361560583114624
2449,0.44017529487609863
2450,0.19191725552082062
2451,0.3470795750617981
2452,0.45448002219200134
2453,0.548140287399292
2454,0.30940335988998413
2455,0.2268233746290207
2456,0.31514886021614075
2457,0.563223123550415
2458,0.15045534074306488
2459,0.440314918756485
2460,0.46422651410102844
2461,0.3970734477043152
2462,0.3891746997833252
2463,0.3121205270290375
2464,0.2643125057220459
2465,0.5074253082275391
2466,0.5854451060295105
2467,0.3515433073043823
2468,0.6057933568954468
2469,0.3521181344985962
2470,0.6466670036315918
2471,0.029901225119829178
2472,0.3929121494293213
2473,0.3871768116950989
2474,0.6290663480758667
2475,0.5802638530731201
2476,0.5479772090911865
2477,0.10550405085086823
2478,0.6201860904693604
2479,0.43245750665664673
2480,0.2880323529243469
2481,0.10841028392314911
2482,0.24169594049453735
2483,0.3466949164867401
2484,0.15845805406570435
2485,0.5036667585372925
2486,0.21146553754806519
2487,0.4941751956939697
2488,0.3755815923213959
2489,0.441018283367157
2490,0.36286818981170654
2491,0.5837968587875366
2492,0.417043536901474
2493,0.4112623929977417
2494,0.4028998017311096
2495,0.3389567732810974
2496,0.44698840379714966
2497,0.3620636463165283
2498,0.6330665946006775
2499,0.4643777310848236
2500,0.3194882273674011
2501,0.23615536093711853
2502,0.28398993611335754
2503,0.5336471199989319
2504,0.2790326178073883
2505,0.33862343430519104
2506,0.07674159109592438
2507,0.25217604637145996
2508,0.28809648752212524
2509,0.49836763739585876
2510,0.31676411628723145
2511,0.29461759328842163
2512,0.28717976808547974
2513,0.49367091059684753
2514,0.4124658405780792
2515,0.43391168117523193
2516,0.45317304134368896
2517,0.3231496214866638
2518,0.49854373931884766
2519,0.35642072558403015
2520,0.30021265149116516
2521,0.31106895208358765
2522,0.5069776773452759
2523,0.2464233785867691
2524,0.48956674337387085
2525,0.34225767850875854
2526,0.3442281186580658
2527,0.2355155348777771
2528,0.3325243294239044
2529,0.3877004384994507
2530,0.37768974900245667
2531,0.31665390729904175
2532,0.48042428493499756
2533,0.5627557039260864
2534,0.4143211841583252
2535,0.4069826900959015
2536,0.14551913738250732
2537,0.35888993740081787
2538,0.3674936592578888
2539,0.4602506160736084
2540,0.22039982676506042
2541,0.5618906617164612
2542,0.29803258180618286
2543,0.3139891028404236
2544,0.4700760841369629
2545,0.4924813508987427
2546,0.589576244354248
2547,0.6270231008529663
2548,0.4622642993927002
2549,0.4733113944530487
2550,0.28638771176338196
2551,0.45855239033699036
2552,0.37055495381355286
2553,0.2853836119174957
2554,0.3583322763442993
2555,0.3758794665336609
2556,0.6615087985992432
2557,0.34862083196640015
2558,0.34168535470962524
2559,0.47735074162483215
2560,0.42375418543815613
2561,0.19332371652126312
2562,0.4245263636112213
2563,0.28210145235061646
2564,0.280207097530365
2565,0.4556608200073242
2566,0.5560660362243652
2567,0.39201927185058594
2568,0.4645708203315735
2569,0.3758791387081146
2570,0.32426196336746216
2571,0.3624275028705597
2572,0.3789827227592468
2573,0.29350751638412476
2574,0.3270866274833679
2575,0.6310811042785645
2576,0.44011807441711426
2577,0.5002879500389099
2578,0.21623584628105164
2579,0.34143126010894775
2580,0.30660921335220337
2581,0.3978002667427063
2582,0.30527275800704956
2583,0.48941487073898315
2584,0.25588488578796387
2585,0.24123305082321167
2586,0.5799627304077148
2587,0.3693239092826843
2588,0.4211738705635071
2589,0.5855031609535217
2590,0.2426224797964096
2591,0.1964169293642044
2592,0.4340246319770813
2593,0.4027724862098694
2594,0.3353424072265625
2595,0.32140523195266724
2596,0.3168860673904419
2597,0.475763738155365
2598,0.464264452457428
2599,0.3719179630279541
2600,0.4365115165710449
2601,0.38654428720474243
2602,0.3109171390533447
2603,0.32499808073043823
2604,0.3643746078014374
2605,0.40040138363838196
2606,0.4874560832977295
2607,0.337263822555542
2608,0.34358543157577515
2609,0.48386508226394653
2610,0.15607950091362
2611,0.5238645076751709
2612,0.3963472843170166
2613,0.34571129083633423
2614,0.23088428378105164
2615,0.26275157928466797
2616,0.211360901594162
2617,0.21500316262245178
2618,0.2312844693660736
2619,0.4837649464607239
2620,0.33296120166778564
2621,0.477217435836792
2622,0.4120492935180664
2623,0.25631362199783325
2624,0.13082067668437958
2625,0.46461284160614014
2626,0.3004215359687805
2627,0.30727434158325195
2628,0.45196500420570374
2629,0.32106485962867737
2630,0.4054567515850067
2631,0.4677984118461609
2632,0.334586501121521
2633,0.21592523157596588
2634,0.3552429676055908
2635,0.4864371716976166
2636,0.37138766050338745
2637,0.3084760308265686
2638,0.571284830570221
2639,0.2959887981414795
2640,0.2652409076690674
2641,0.504015326499939
2642,0.11742984503507614
2643,0.46304458379745483
2644,0.47182196378707886
2645,0.39291703701019287
2646,0.49950575828552246
2647,0.3221927881240845
2648,0.34775179624557495
2649,0.2059115767478943
2650,0.1167004182934761
2651,0.43407177925109863
2652,0.2187587022781372
2653,0.46053972840309143
2654,0.21918998658657074
2655,0.1569475382566452
2656,0.5616499185562134
2657,0.5245413184165955
2658,0.294377863407135
2659,0.389403760433197
2660,0.2574530839920044
2661,0.35243186354637146
2662,0.38680529594421387
2663,0.32821014523506165
2664,0.34905409812927246
2665,0.509657621383667
2666,0.17997725307941437
2667,0.46513983607292175
2668,0.46999844908714294
2669,0.02811046876013279
2670,0.6796960830688477
2671,0.3588287830352783
2672,0.5003255009651184
2673,0.4719727039337158
2674,0.47881019115448
2675,0.45088261365890503
2676,0.4200964570045471
2677,0.2909523844718933
2678,0.7020808458328247
2679,0.35939913988113403
2680,0.4675472378730774
2681,0.19696201384067535
2682,0.36813926696777344
2683,0.3940573036670685
2684,0.5159480571746826
2685,0.5028911232948303
2686,0.5362406969070435
2687,0.30635982751846313
2688,0.32562360167503357
2689,0.42844200134277344
2690,0.5273393392562866
2691,0.4453622102737427
2692,0.1216142475605011
2693,0.4433409869670868
2694,0.4288443922996521
2695,0.5536582469940186
2696,0.43303382396698
2697,0.5322784781455994
2698,0.6153151392936707
2699,0.30566439032554626
2700,0.4126253128051758
2701,0.39521968364715576
2702,0.6100926995277405
2703,0.2813795208930969
2704,0.36575984954833984
2705,0.31235185265541077
2706,0.5779175758361816
2707,0.21765081584453583
2708,0.46710193157196045
2709,0.41020268201828003
2710,0.4747191071510315
2711,0.5753793120384216
2712,0.597588300704956
2713,0.37918156385421753
2714,0.3882555365562439
2715,0.2581401467323303
2716,0.3751477599143982
2717,0.5085266828536987
2718,0.4371664524078369
2719,0.20292368531227112
2720,0.4798389673233032
2721,0.2625563442707062
2722,0.2151416391134262
2723,0.7119715213775635
2724,0.1694522500038147
2725,0.34815019369125366
2726,0.26960664987564087
2727,0.17701637744903564
2728,0.35092073678970337
2729,0.26576027274131775
2730,0.45632031559944153
2731,0.6030304431915283
2732,0.4103381037712097
2733,0.39263105392456055
2734,0.3004243075847626
2735,0.36561137437820435
2736,0.4493720829486847
2737,0.47229740023612976
2738,0.5142794251441956
2739,0.3433445394039154
2740,0.46322697401046753
2741,0.2872481942176819
2742,0.4739859104156494
2743,0.5279083251953125
2744,0.4320276379585266
2745,0.29200780391693115
2746,0.36156755685806274
2747,0.3706716299057007
2748,0.20078974962234497
2749,0.38953089714050293
2750,0.6372357606887817
2751,0.6616966128349304
2752,0.3313862085342407
2753,0.30213379859924316
2754,0.3365533947944641
2755,0.4293402433395386
2756,0.3174002170562744
2757,0.45992743968963623
2758,0.3049953281879425
2759,0.29797929525375366
2760,0.3153737783432007
2761,0.3932304382324219
2762,0.30693668127059937
2763,0.43889763951301575
2764,0.33794209361076355
2765,0.5369064807891846
2766,0.49838709831237793
2767,0.45929670333862305
2768,0.27767953276634216
2769,0.22618401050567627
2770,0.40871942043304443
2771,0.4548552334308624
2772,0.3476126194000244
2773,0.34092333912849426
2774,0.42083460092544556
2775,0.5112991333007812
2776,0.23421552777290344
2777,0.4522288739681244
2778,0.4518741965293884
2779,0.20922240614891052
2780,0.22759447991847992
2781,0.20249485969543457
2782,0.43257880210876465
2783,0.5497849583625793
2784,0.5496366620063782
2785,0.3694823086261749
2786,0.6871401071548462
2787,0.550836443901062
2788,0.4754335284233093
2789,0.3826490342617035
2790,0.3217623829841614
2791,0.4494297206401825
2792,0.2629060745239258
2793,0.43925338983535767
2794,0.3328951895236969
2795,0.48940908908843994
2796,0.3896525204181671
2797,0.27706754207611084
2798,0.6661801338195801
2799,0.3224030137062073
2800,0.32999658584594727
2801,0.21469908952713013
2802,0.24775654077529907
2803,0.46497511863708496
2804,0.6035925149917603
2805,0.28506672382354736
2806,0.48922955989837646
2807,0.19199016690254211
2808,0.4273280203342438
2809,0.4252300262451172
2810,0.2123127281665802
2811,0.3286040425300598
2812,0.3398621678352356
2813,0.2285519540309906
2814,0.5184511542320251
2815,0.22585166990756989
2816,0.4916289150714874
2817,0.35343649983406067
2818,0.4173140823841095
2819,0.2333347648382187
2820,0.408071905374527
2821,0.507098376750946
2822,0.3977583944797516
2823,0.3744329810142517
2824,0.3543318510055542
2825,0.6712071895599365
2826,0.6527260541915894
2827,0.36397355794906616
2828,0.15771612524986267
2829,0.3970269560813904
2830,0.22032491862773895
2831,0.22879955172538757
2832,0.3696880638599396
2833,0.25792545080184937
2834,0.3103269338607788
2835,0.37461739778518677
2836,0.2824554741382599
2837,0.15464472770690918
2838,0.5267724990844727
2839,0.7366416454315186
2840,0.3113141655921936
2841,0.473964124917984
2842,0.15562587976455688
2843,0.6420284509658813
2844,0.46765556931495667
2845,0.44859641790390015
2846,0.3395589590072632
2847,0.37866705656051636
2848,0.40216612815856934
2849,0.2827094793319702
2850,0.27479687333106995
2851,0.2564464509487152
2852,0.2950701415538788
2853,0.22592340409755707
2854,0.6017467975616455
2855,0.45787501335144043
2856,0.2799011766910553
2857,0.43992024660110474
2858,0.2458370178937912
2859,0.32574254274368286
2860,0.20078831911087036
2861,0.417400598526001
2862,0.30131474137306213
2863,0.19349242746829987
2864,0.5052677989006042
2865,0.3628702461719513
2866,0.5241228342056274
2867,0.24968533217906952
2868,0.573191225528717
2869,0.14124515652656555
2870,0.3131732642650604
2871,0.48448410630226135
2872,0.6909091472625732
2873,0.368257999420166
2874,0.18859639763832092
2875,0.4919898808002472
2876,0.5147311091423035
2877,0.4933759272098541
2878,0.13349904119968414
2879,0.26899588108062744
2880,0.2948576807975769
2881,0.3395387530326843
2882,0.32350149750709534
2883,0.30193233489990234
2884,0.47645679116249084
2885,0.26236242055892944
2886,0.21478383243083954
2887,0.2943606376647949
2888,0.4931313991546631
2889,0.23238179087638855
2890,0.5209194421768188
2891,0.3124769330024719
2892,0.40176257491111755
2893,0.3043600618839264
2894,0.44875818490982056
2895,0.3903760313987732
2896,0.40795817971229553
2897,0.5247413516044617
2898,0.47288739681243896
2899,0.3699827790260315
2900,0.38862478733062744
2901,0.38084307312965393
2902,0.4918127655982971
2903,0.4388285279273987
2904,0.4617929458618164
2905,0.3645373582839966
2906,0.43810325860977173
2907,0.41764384508132935
2908,0.16815298795700073
2909,0.2475878745317459
2910,0.5993432998657227
2911,0.5134432315826416
2912,0.520201563835144
2913,0.5871689319610596
2914,0.37709715962409973
2915,0.5228321552276611
2916,0.1812315583229065
2917,0.40663784742355347
2918,0.4124071002006531
2919,0.48316192626953125
2920,0.43508467078208923
2921,0.3275049924850464
2922,0.46388474106788635
2923,0.3495650291442871
2924,0.25951167941093445
2925,0.4412769675254822
2926,0.5314525365829468
2927,0.3545108139514923
2928,0.27862489223480225
2929,0.1500263810157776
2930,0.31109338998794556
2931,0.5956538915634155
2932,0.3876191973686218
2933,0.502909243106842
2934,0.44341182708740234
2935,0.525158703327179
2936,0.24725301563739777
2937,0.283740758895874
2938,0.291085422039032
2939,0.23710522055625916
2940,0.5839212536811829
2941,0.6043493747711182
2942,0.2688652575016022
2943,0.5407410264015198
2944,0.3449528217315674
2945,0.3160648047924042
2946,0.6586179733276367
2947,0.3126475512981415
2948,0.2902190685272217
2949,0.3673468232154846
2950,0.29553598165512085
2951,0.48314768075942993
2952,0.3070322275161743
2953,0.3363747000694275
2954,0.36279556155204773
2955,0.4628133773803711
2956,0.2187437117099762
2957,0.6255618333816528
2958,0.4245122969150543
2959,0.28717267513275146
2960,0.4103018045425415
2961,0.31395572423934937
2962,0.20000311732292175
2963,0.13171207904815674
2964,0.3624878525733948
2965,0.289664626121521
2966,0.5463231801986694
2967,0.423988401889801
2968,0.27564066648483276
2969,0.4435846209526062
2970,0.5461839437484741
2971,0.39871907234191895
2972,0.48040497303009033
2973,0.19699382781982422
2974,0.46820464730262756
2975,0.3512919545173645
2976,0.34932032227516174
2977,0.13273358345031738
2978,0.4050945043563843
2979,0.2177269458770752
2980,0.4805282950401306
2981,0.43552565574645996
2982,0.4696195125579834
2983,0.33623063564300537
2984,0.3485013246536255
2985,0.22424951195716858
2986,0.22099611163139343
2987,0.5332199335098267
2988,0.44637274742126465
2989,0.38557353615760803
2990,0.3845159411430359
2991,0.2751544713973999
2992,0.4642370939254761
2993,0.2922496199607849
2994,0.26466870307922363
2995,0.45316553115844727
2996,0.6129326820373535
2997,0.34220898151397705
2998,0.26889944076538086
2999,0.47538676857948303
3000,0.41217052936553955
3001,0.525600016117096
3002,0.36125892400741577
3003,0.2034500241279602
3004,0.24447999894618988
3005,0.37544870376586914
3006,0.4735872745513916
3007,0.26075223088264465
3008,0.2744234502315521
3009,0.7150840759277344
3010,0.3356544077396393
3011,0.4656023383140564
3012,0.4251292943954468
3013,0.8558624982833862
3014,0.3322291970252991
3015,0.3752205967903137
3016,0.23963935673236847
3017,0.3421482443809509
3018,0.3739347457885742
3019,0.33310794830322266
3020,0.5083411931991577
3021,0.5182795524597168
3022,0.3367328941822052
3023,0.5797997713088989
3024,0.34886863827705383
3025,0.42719021439552307
3026,0.5924384593963623
3027,0.4735589325428009
3028,0.18705160915851593
3029,0.41879788041114807
3030,0.4280014932155609
3031,0.24767330288887024
3032,0.6064106822013855
3033,0.38360631465911865
3034,0.34617090225219727
3035,0.4388664662837982
3036,0.3867805600166321
3037,0.48738062381744385
3038,0.43703165650367737
3039,0.32476139068603516
3040,0.2824351191520691
3041,0.5085178017616272
3042,0.5201631784439087
3043,0.35544681549072266
3044,0.35210517048835754
3045,0.2626737952232361
3046,0.36635297536849976
3047,0.7054449319839478
3048,0.47291576862335205
3049,0.3078683614730835
3050,0.4182925522327423
3051,0.3080991804599762
3052,0.48782971501350403
3053,0.3544643521308899
3054,0.476020485162735
3055,0.5361723303794861
3056,0.6467846632003784
3057,0.366649329662323
3058,0.35392075777053833
3059,0.33656609058380127
3060,0.5626409649848938
3061,0.293314129114151
3062,0.40880393981933594
3063,0.2723536491394043
3064,0.21714338660240173
3065,0.4426671266555786
3066,0.26000794768333435
3067,0.4543188810348511
3068,0.27642548084259033
3069,0.3022876977920532
3070,0.2575630843639374
3071,0.3073618710041046
3072,0.27072829008102417
3073,0.5030595660209656
3074,0.32368722558021545
3075,0.4605632424354553
3076,0.3083968758583069
3077,0.4921390414237976
3078,0.3956601917743683
3079,0.3224571645259857
3080,0.27728942036628723
3081,0.2651716470718384
3082,0.42632579803466797
3083,0.4375673532485962
3084,0.5037274360656738
3085,0.4264942705631256
3086,0.2555978298187256
3087,0.3439774811267853
3088,0.25378531217575073
3089,0.4498786926269531
3090,0.2700658440589905
3091,0.511983335018158
3092,0.09395886957645416
3093,0.30026674270629883
3094,0.3857662081718445
3095,0.2078629434108734
3096,0.2957346439361572
3097,0.32861822843551636
3098,0.29991257190704346
3099,0.2213124781847
3100,0.5608880519866943
3101,0.26853659749031067
3102,0.42780017852783203
3103,0.31623876094818115
3104,0.45105698704719543
3105,0.31142204999923706
3106,0.4037293791770935
3107,0.1538141965866089
3108,0.4079814851284027
3109,0.4138147234916687
3110,0.3048015236854553
3111,0.5761054754257202
3112,0.3616178631782532
3113,0.4055274724960327
3114,0.5837941765785217
3115,0.5553460121154785
3116,0.38159120082855225
3117,0.29342952370643616
3118,0.5476037859916687
3119,0.4522275924682617
3120,0.4424809217453003
3121,0.3194636404514313
3122,0.4350820779800415
3123,0.3917321562767029
3124,0.3896809220314026
3125,0.443574458360672
3126,0.47966116666793823
3127,0.3669835925102234
3128,0.41065382957458496
3129,0.5030348300933838
3130,0.3997900187969208
3131,0.6151782870292664
3132,0.34824275970458984
3133,0.4354671239852905
3134,0.26111355423927307
3135,0.24620038270950317
3136,0.4518645107746124
3137,0.41505393385887146
3138,0.29461365938186646
3139,0.21866725385189056
3140,0.15477022528648376
3141,0.46097061038017273
3142,0.5135619640350342
3143,0.4236387014389038
3144,0.43023383617401123
3145,0.24284696578979492
3146,0.3210037052631378
3147,0.17798519134521484
3148,0.4194357395172119
3149,0.6950111985206604
3150,0.4149421155452728
3151,0.24776604771614075
3152,0.4738384187221527
3153,0.41448479890823364
3154,0.4334096610546112
3155,0.3697268068790436
3156,0.1968231201171875
3157,0.5205934643745422
3158,0.2757231593132019
3159,0.5216354131698608
3160,0.6222182512283325
3161,0.45612698793411255
3162,0.312488853931427
3163,0.5740560293197632
3164,0.27252352237701416
3165,0.3994895815849304
3166,0.5199147462844849
3167,0.3435332775115967
3168,0.4402211606502533
3169,0.36423882842063904
3170,0.46072614192962646
3171,0.3746575713157654
3172,0.3901657164096832
3173,0.35138505697250366
3174,0.3804808557033539
3175,0.41433849930763245
3176,0.468612402677536
3177,0.4783514142036438
3178,0.40986281633377075
3179,0.3330109119415283
3180,0.4322449266910553
3181,0.1912655532360077
3182,0.47218286991119385
3183,0.44720959663391113
3184,0.30106326937675476
3185,0.3796888291835785
3186,0.4997602701187134
3187,0.457694411277771
3188,0.3184851408004761
3189,0.5130409002304077
3190,0.3860766291618347
3191,0.48059380054473877
3192,0.4328199028968811
3193,0.3052508533000946
3194,0.7495240569114685
3195,0.6091721653938293
3196,0.25423499941825867
3197,0.4905947744846344
3198,0.28699636459350586
3199,0.2627473473548889
3200,0.5041180849075317
3201,0.3061131238937378
3202,0.3479810357093811
3203,0.19301268458366394
3204,0.16804349422454834
3205,0.4265765845775604
3206,0.42481887340545654
3207,0.5116667747497559
3208,0.3736538290977478
3209,0.5083320736885071
3210,0.38931798934936523
3211,0.4046264886856079
3212,0.4482523798942566
3213,0.2772539556026459
3214,0.3964155316352844
3215,0.4900931119918823
3216,0.42460229992866516
3217,0.4431501626968384
3218,0.43354856967926025
3219,0.37136024236679077
3220,0.5314980149269104
3221,0.248620867729187
3222,0.3765332102775574
3223,0.4122862219810486
3224,0.3403799533843994
3225,0.23326672613620758
3226,0.4611978530883789
3227,0.21634727716445923
3228,0.4581359028816223
3229,0.5503348112106323
3230,0.5076082348823547
3231,0.5256165862083435
3232,0.13588060438632965
3233,0.5566951632499695
3234,0.3767586946487427
3235,0.43226656317710876
3236,0.21675416827201843
3237,0.28009217977523804
3238,0.3090272545814514
3239,0.2800891101360321
3240,0.27536365389823914
3241,0.35441771149635315
3242,0.2996959090232849
3243,0.35781538486480713
3244,0.35719120502471924
3245,0.46327248215675354
3246,0.4505354166030884
3247,0.27736303210258484
3248,0.6157065629959106
3249,0.45153963565826416
3250,0.34207433462142944
3251,0.3656708002090454
3252,0.22676251828670502
3253,0.2870452105998993
3254,0.3277311325073242
3255,0.5209252834320068
3256,0.36798277497291565
3257,0.3098570704460144
3258,0.4011056423187256
3259,0.32422956824302673
3260,0.5220948457717896
3261,0.24986496567726135
3262,0.39847928285598755
3263,0.28742456436157227
3264,0.24277055263519287
3265,0.46571114659309387
3266,0.3413289785385132
3267,0.26139187812805176
3268,0.43516677618026733
3269,0.23305495083332062
3270,0.5354920625686646
3271,0.24414591491222382
3272,0.5285133123397827
3273,0.4644361138343811
3274,0.4349924325942993
3275,0.2082006335258484
3276,0.32058215141296387
3277,0.33297696709632874
3278,0.4537975788116455
3279,0.13754504919052124
3280,0.5380638241767883
3281,0.6183913350105286
3282,0.43099161982536316
3283,0.43661168217658997
3284,0.4517475366592407
3285,0.38296982645988464
3286,0.3605145812034607
3287,0.33532869815826416
3288,0.5507994890213013
3289,0.6716896295547485
3290,0.4109986424446106
3291,0.25171399116516113
3292,0.42407673597335815
3293,0.40496760606765747
3294,0.4371131658554077
3295,0.2422768771648407
3296,0.3025459051132202
3297,0.7728524804115295
3298,0.32978689670562744
3299,0.4213077127933502
3300,0.47425341606140137
3301,0.5509955883026123
3302,0.49470171332359314
3303,0.3709978461265564
3304,0.14906783401966095
3305,0.43563932180404663
3306,0.3737175464630127
3307,0.45163673162460327
3308,0.49484533071517944
3309,0.4214416444301605
3310,0.198014035820961
3311,0.2895064353942871
3312,0.20537856221199036
3313,0.43275657296180725
3314,0.5182894468307495
3315,0.3639860153198242
3316,0.40557706356048584
3317,0.27625539898872375
3318,0.34594130516052246
3319,0.3022773265838623
3320,0.1765899360179901
3321,0.4338505268096924
3322,0.28696340322494507
3323,0.24004873633384705
3324,0.6066727638244629
3325,0.3781752586364746
3326,0.3734316825866699
3327,0.4138755202293396
3328,0.4759851098060608
3329,0.3164164125919342
3330,0.2972589433193207
3331,0.27691665291786194
3332,0.600608229637146
3333,0.3654455542564392
3334,0.42225754261016846
3335,0.40978264808654785
3336,0.41912421584129333
3337,0.35915085673332214
3338,0.4131060838699341
3339,0.43944162130355835
3340,0.35435032844543457
3341,0.3652937114238739
3342,0.4883279800415039
3343,0.3833317160606384
3344,0.406208872795105
3345,0.2660978436470032
3346,0.32171353697776794
3347,0.5513569116592407
3348,0.2842599153518677
3349,0.3667643368244171
3350,0.3838648200035095
3351,0.325452595949173
3352,0.4857996106147766
3353,0.4088932275772095
3354,0.5307528972625732
3355,0.20250114798545837
3356,0.3708755075931549
3357,0.38281700015068054
3358,0.396251380443573
3359,0.38791343569755554
3360,0.3200792074203491
3361,0.6071056127548218
3362,0.39956945180892944
3363,0.2060718536376953
3364,0.5619302988052368
3365,0.2512965798377991
3366,0.47308212518692017
3367,0.45868057012557983
3368,0.3353722393512726
3369,0.45562198758125305
3370,0.57636958360672
3371,0.4903709888458252
3372,0.31822696328163147
3373,0.3583694100379944
3374,0.3847034275531769
3375,0.4339236617088318
3376,0.36758872866630554
3377,0.4890076518058777
3378,0.3704400956630707
3379,0.32243165373802185
3380,0.40558671951293945
3381,0.16320215165615082
3382,0.4364069700241089
3383,0.4647120237350464
3384,0.36699074506759644
3385,0.42056435346603394
3386,0.45968759059906006
3387,0.3877146244049072
3388,0.21988609433174133
3389,0.4177466630935669
3390,0.4864688217639923
3391,0.43626436591148376
3392,0.43223345279693604
3393,0.5323079824447632
3394,0.3103823661804199
3395,0.41540735960006714
3396,0.23944145441055298
3397,0.672066330909729
3398,0.29426896572113037
3399,0.2769252061843872
3400,0.20162497460842133
3401,0.15399359166622162
3402,0.31323742866516113
3403,1.000000238418579
3404,0.581998348236084
3405,0.38170191645622253
3406,0.3213023543357849
3407,0.027476748451590538
3408,0.4420716166496277
3409,0.4474567174911499
3410,0.3242637515068054
3411,0.5795791149139404
3412,0.3755638301372528
3413,0.2929568886756897
3414,0.3045559823513031
3415,0.16501834988594055
3416,0.31983482837677
3417,0.3615172505378723
3418,0.47007545828819275
3419,0.5359422564506531
3420,0.33271872997283936
3421,0.6535468101501465
3422,0.48858654499053955
3423,0.327582985162735
3424,0.13364702463150024
3425,0.5949429869651794
3426,0.4170667827129364
3427,0.29183995723724365
3428,0.24464640021324158
3429,0.5180768370628357
3430,0.22365012764930725
3431,0.47667258977890015
3432,0.49732506275177
3433,0.3767741024494171
3434,0.37385350465774536
3435,0.3823690414428711
3436,0.33483216166496277
3437,0.5514190196990967
3438,0.4222964942455292
3439,0.318926602602005
3440,0.211358904838562
3441,0.5002173185348511
3442,0.5176528692245483
3443,0.4866742491722107
3444,0.10038861632347107
3445,0.30151569843292236
3446,0.32258912920951843
3447,0.5194495916366577
3448,0.43167269229888916
3449,0.18086324632167816
3450,0.31004592776298523
3451,0.5229616165161133
3452,0.37706995010375977
3453,0.28867805004119873
3454,0.3895874619483948
3455,0.3932557702064514
3456,0.2134973108768463
3457,0.47614192962646484
3458,0.4137060344219208
3459,0.6565155386924744
3460,0.2630392014980316
3461,0.43829697370529175
3462,0.15912649035453796
3463,0.20623408257961273
3464,0.383667528629303
3465,0.26461634039878845
3466,0.4794105887413025
3467,0.5096782445907593
3468,0.4174109101295471
3469,0.37105822563171387
3470,0.48808979988098145
3471,0.4034596085548401
3472,0.29823043942451477
3473,0.676737904548645
3474,0.3516700863838196
3475,0.23221777379512787
3476,0.39218664169311523
3477,0.185531347990036
3478,0.37593352794647217
3479,0.3870735764503479
3480,0.6345206499099731
3481,0.3818284869194031
3482,0.4004838764667511
3483,0.4503340721130371
3484,0.3994859457015991
3485,0.4892759621143341
3486,0.690227746963501
3487,0.4840902090072632
3488,0.3120957612991333
3489,0.33219319581985474
3490,0.4842053949832916
3491,0.2764131426811218
3492,0.2896241247653961
3493,0.4746226966381073
3494,0.2070755958557129
3495,0.5911461114883423
3496,0.22003161907196045
3497,0.40418174862861633
3498,0.4010106325149536
3499,0.34193044900894165
3500,0.3878266215324402
3501,0.46214553713798523
3502,0.4027356505393982
3503,0.46082061529159546
3504,0.475960910320282
3505,0.3966614007949829
3506,0.39838919043540955
3507,0.2900223731994629
3508,0.236364483833313
3509,0.16637825965881348
3510,0.35165873169898987
3511,0.3977815508842468
3512,0.22344587743282318
3513,0.25061625242233276
3514,0.47822290658950806
3515,0.2178591787815094
3516,0.46457698941230774
3517,0.3370872735977173
3518,0.20734445750713348
3519,0.3067750632762909
3520,0.2888323664665222
3521,0.38488703966140747
3522,0.25566333532333374
3523,0.5231132507324219
3524,0.4377533197402954
3525,0.470229834318161
3526,0.5564771890640259
3527,0.3836483657360077
3528,0.22489586472511292
3529,0.47077369689941406
3530,0.4554351568222046
3531,0.5143367052078247
3532,0.4091077446937561
3533,0.43912002444267273
3534,0.36069217324256897
3535,0.24039919674396515
3536,0.45557478070259094
3537,0.45619910955429077
3538,0.4589950442314148
3539,0.21975970268249512
3540,0.4469747543334961
3541,0.47384679317474365
3542,0.39212948083877563
3543,0.5911368727684021
3544,0.566940188407898
3545,0.4305728077888489
3546,0.24335135519504547
3547,0.47629499435424805
3548,0.42360755801200867
3549,0.3121388554573059
3550,0.42423930764198303
3551,0.16297028958797455
3552,0.747178316116333
3553,0.4218435287475586
3554,0.3690582811832428
3555,0.3297995924949646
3556,0.2572166323661804
3557,0.23838511109352112
3558,0.3134680390357971
3559,0.564239501953125
3560,0.45754939317703247
3561,0.41765373945236206
3562,0.17749296128749847
3563,0.4104267954826355
3564,0.2940985858440399
3565,0.2886871099472046
3566,0.44586217403411865
3567,0.46918314695358276
3568,0.3960297107696533
3569,0.2200048416852951
3570,0.3332722783088684
3571,0.40377020835876465
3572,0.42088770866394043
3573,0.5538145899772644
3574,0.30398160219192505
3575,0.22740384936332703
3576,0.4226341247558594
3577,0.4597904086112976
3578,0.4096476435661316
3579,0.48165664076805115
3580,0.10207012295722961
3581,0.37191903591156006
3582,0.23175925016403198
3583,0.6037374138832092
3584,0.32835978269577026
3585,0.2331501543521881
3586,0.3764682412147522
3587,0.5757742524147034
3588,0.26632723212242126
3589,0.34141039848327637
3590,0.391135036945343
3591,0.5032080411911011
3592,0.45305973291397095
3593,0.5136069059371948
3594,0.5933118462562561
3595,0.28728848695755005
3596,0.2563623785972595
3597,0.36076387763023376
3598,0.2615719735622406
3599,0.23438724875450134
3600,0.3233211636543274
3601,0.5223966836929321
3602,0.4364610016345978
3603,0.36942464113235474
3604,0.3599618077278137
3605,0.5004755854606628
3606,0.23096095025539398
3607,0.44718509912490845
3608,0.3199978470802307
3609,0.38980966806411743
3610,0.3067564368247986
3611,0.3580366373062134
3612,0.4914402663707733
3613,0.4087498188018799
3614,0.5181341171264648
3615,0.2759975790977478
3616,0.4042339324951172
3617,0.16335299611091614
3618,0.4111681878566742
3619,0.5729773044586182
3620,0.5609375238418579
3621,0.46173566579818726
3622,0.6655260324478149
3623,0.5187820196151733
3624,0.4900110363960266
3625,0.2745150029659271
3626,0.4189968407154083
3627,0.19854477047920227
3628,0.35578691959381104
3629,0.21204175055027008
3630,0.2528918981552124
3631,0.21135684847831726
3632,0.2745375335216522
3633,0.2818734347820282
3634,0.2648621201515198
3635,0.27743011713027954
3636,0.6400179862976074
3637,0.38880181312561035
3638,0.27860021591186523
3639,0.43633025884628296
3640,0.5718889236450195
3641,0.4339199960231781
3642,0.4280494153499603
3643,0.3195945918560028
3644,0.2736908495426178
3645,0.45074349641799927
3646,0.3667120337486267
3647,0.2089635282754898
3648,0.49799805879592896
3649,0.31635117530822754
3650,0.3308899700641632
3651,0.14394943416118622
3652,0.47094470262527466
3653,0.3485778868198395
3654,0.5228158235549927
3655,0.34611940383911133
3656,0.37597835063934326
3657,0.5372560620307922
3658,0.2672090530395508
3659,0.4975045621395111
3660,0.45851439237594604
3661,0.2662384510040283
3662,0.03872976452112198
3663,0.2437278926372528
3664,0.3842622935771942
3665,0.24445798993110657
3666,0.41278451681137085
3667,0.3241160213947296
3668,0.3602364659309387
3669,0.21527138352394104
3670,0.5101340413093567
3671,0.3202795386314392
3672,0.5357504487037659
3673,0.36754369735717773
3674,0.4902714490890503
3675,0.5945374965667725
3676,0.48038017749786377
3677,0.40801167488098145
3678,0.44549861550331116
3679,0.2654002904891968
3680,0.3808574974536896
3681,0.3616025447845459
3682,0.29115331172943115
3683,0.26614031195640564
3684,0.12968331575393677
3685,0.4512684643268585
3686,0.2946294844150543
3687,0.19195252656936646
3688,0.28679513931274414
3689,0.39702290296554565
3690,0.12304195016622543
3691,0.2703336477279663
3692,0.38713324069976807
3693,0.3428844213485718
3694,0.5692933797836304
3695,0.42538967728614807
3696,0.39337867498397827
3697,0.3878266215324402
3698,0.4299647808074951
3699,0.3278692364692688
3700,0.43595564365386963
3701,0.5032021403312683
3702,0.3871403634548187
3703,0.2929013967514038
3704,0.37866753339767456
3705,0.277993768453598
3706,0.45491448044776917
3707,0.4316287636756897
3708,0.11133786290884018
3709,0.327614426612854
3710,0.5928060412406921
3711,0.3413920998573303
3712,0.31999534368515015
3713,0.26499855518341064
3714,0.39148133993148804
3715,0.5003002285957336
3716,0.32660624384880066
3717,0.34254157543182373
3718,0.36562979221343994
3719,0.34828490018844604
3720,0.30027735233306885
3721,0.5361030697822571
3722,0.36579012870788574
3723,0.2232196182012558
3724,0.5890689492225647
3725,0.5254796743392944
3726,0.5238528251647949
3727,0.3965844511985779
3728,0.5054625868797302
3729,0.1776810884475708
3730,0.15489733219146729
3731,0.41375696659088135
3732,0.4339023530483246
3733,0.4501951336860657
3734,0.30746006965637207
3735,0.43759143352508545
3736,0.40074753761291504
3737,0.48080363869667053
3738,0.7243442535400391
3739,0.47200363874435425
3740,0.3492947816848755
3741,0.31877005100250244
3742,0.009825872257351875
3743,0.4711713492870331
3744,0.4363889992237091
3745,0.3809366822242737
3746,0.35116034746170044
3747,0.5489218235015869
3748,0.5452660322189331
3749,0.35135799646377563
3750,0.299556165933609
3751,0.2589900493621826
3752,0.5046844482421875
3753,0.7509611248970032
3754,0.36285388469696045
3755,0.5038005113601685
3756,0.5490322113037109
3757,0.386836439371109
3758,0.47670796513557434
3759,0.37652772665023804
3760,0.27006402611732483
3761,0.23511919379234314
3762,0.3148536682128906
3763,0.6273268461227417
3764,0.24827095866203308
3765,0.640422523021698
3766,0.2386145293712616
3767,0.49252355098724365
3768,0.3928779363632202
3769,0.4780944585800171
3770,0.28368401527404785
3771,0.32835716009140015
3772,0.3758710026741028
3773,0.43038415908813477
3774,0.3940013647079468
3775,0.6065033674240112
3776,0.36584240198135376
3777,0.41753917932510376
3778,0.4815298914909363
3779,0.25318339467048645
3780,0.3908962905406952
3781,0.3760075271129608
3782,0.38447892665863037
3783,0.41828539967536926
3784,0.4079411029815674
3785,0.3347095549106598
3786,0.2585182785987854
3787,0.42980754375457764
3788,0.5282120704650879
3789,0.3806529641151428
3790,0.4273441433906555
3791,0.31899765133857727
3792,0.4425535202026367
3793,0.6471049189567566
3794,0.434309720993042
3795,0.5587214231491089
3796,0.3698410391807556
3797,0.37315213680267334
3798,0.5649459362030029
3799,0.5052337646484375
3800,0.49903953075408936
3801,0.4528076648712158
3802,0.3671448826789856
3803,0.19311198592185974
3804,0.2925392687320709
3805,0.13168618083000183
3806,0.45255225896835327
3807,0.5183342695236206
3808,0.2551904618740082
3809,0.46237337589263916
3810,0.2696286141872406
3811,0.4624441862106323
3812,0.4178663492202759
3813,0.6979352235794067
3814,0.3286246359348297
3815,0.5594227910041809
3816,0.39774301648139954
3817,0.4735802114009857
3818,0.3215177059173584
3819,0.4243375062942505
3820,0.46423211693763733
3821,0.5753328800201416
3822,0.5976510047912598
3823,0.28043699264526367
3824,0.3527505397796631
3825,0.41765153408050537
3826,0.24244925379753113
3827,0.6178661584854126
3828,0.13962146639823914
3829,0.2779224216938019
3830,0.40295666456222534
3831,0.433295875787735
3832,0.48670828342437744
3833,0.4913507103919983
3834,0.24622294306755066
3835,0.506386935710907
3836,0.6235383749008179
3837,0.3380856513977051
3838,0.3297494649887085
3839,0.48623818159103394
3840,0.35790586471557617
3841,0.4368743300437927
3842,0.3009994626045227
3843,0.40973544120788574
3844,0.3057376742362976
3845,0.20901092886924744
3846,0.4994654953479767
3847,0.5531675815582275
3848,0.589104413986206
3849,0.3168528974056244
3850,0.4351658821105957
3851,0.4535062313079834
3852,0.3311237096786499
3853,0.19123974442481995
3854,0.3802463412284851
3855,0.46959489583969116
3856,0.3665437698364258
3857,0.2322130799293518
3858,0.5330038070678711
3859,0.5674172639846802
3860,0.47889596223831177
3861,0.2947887182235718
3862,0.18567821383476257
3863,0.20922495424747467
3864,0.5562046766281128
3865,0.23318731784820557
3866,0.3153976500034332
3867,0.3258104920387268
3868,0.44113367795944214
3869,0.2363264262676239
3870,0.395549476146698
3871,0.4831925630569458
3872,0.4045923352241516
3873,0.4009246230125427
3874,0.2234099954366684
3875,0.33862218260765076
3876,0.2793625295162201
3877,0.34111839532852173
3878,0.622234582901001
3879,0.5450708866119385
3880,0.3663249909877777
3881,0.446517676115036
3882,0.623124897480011
3883,0.5015419721603394
3884,0.45850038528442383
3885,0.3448326885700226
3886,0.4086405634880066
3887,0.3174543082714081
3888,0.3968909680843353
3889,0.18288035690784454
3890,0.162453293800354
3891,0.5226655602455139
3892,0.44344836473464966
3893,0.20307372510433197
3894,0.4416910707950592
3895,0.3815992474555969
3896,0.47441914677619934
3897,0.46975648403167725
3898,0.16784711182117462
3899,0.15100911259651184
3900,0.4626190662384033
3901,0.47070208191871643
3902,0.3974766433238983
3903,0.47308680415153503
3904,0.3689538240432739
3905,0.4128094017505646
3906,0.2717430293560028
3907,0.3671256899833679
3908,0.41969501972198486
3909,0.384433776140213
3910,0.25934481620788574
3911,0.35322850942611694
3912,0.39262568950653076
3913,0.24039950966835022
3914,0.5272101163864136
3915,0.32758480310440063
3916,0.1952018290758133
3917,0.3519975543022156
3918,0.3256363272666931
3919,0.21851682662963867
3920,0.13399673998355865
3921,0.4377640187740326
3922,0.3742830753326416
3923,0.44596248865127563
3924,0.5451112985610962
3925,0.3229783773422241
3926,0.19342008233070374
3927,0.5143700838088989
3928,0.12179555743932724
3929,0.47428974509239197
3930,0.4030147194862366
3931,0.4836105704307556
3932,0.30510464310646057
3933,0.2835077941417694
3934,0.4567936062812805
3935,0.3908737301826477
3936,0.32976967096328735
3937,0.8463485240936279
3938,0.5772826075553894
3939,0.38923805952072144
3940,0.3657698929309845
3941,0.4357723295688629
3942,0.3368754982948303
3943,0.14482831954956055
3944,0.4807302951812744
3945,0.5069249868392944
3946,0.418357789516449
3947,0.46926718950271606
3948,0.4802075922489166
3949,0.40831682085990906
3950,0.45442911982536316
3951,0.32043594121932983
3952,0.23570987582206726
3953,0.35298722982406616
3954,0.33444279432296753
3955,0.2091454416513443
3956,0.28063860535621643
3957,0.18857935070991516
3958,0.49946850538253784
3959,0.29951080679893494
3960,0.25243598222732544
3961,0.4073798358440399
3962,0.3982498049736023
3963,0.4187999963760376
3964,0.379539430141449
3965,0.2899913191795349
3966,0.36842018365859985
3967,0.5602611899375916
3968,0.3865601718425751
3969,0.4360860586166382
3970,0.26763680577278137
3971,0.3472813367843628
3972,0.3509873151779175
3973,0.3807887136936188
3974,0.3829589784145355
3975,0.43328768014907837
3976,0.37599295377731323
3977,0.28365400433540344
3978,0.47256767749786377
3979,0.5539121627807617
3980,0.35474729537963867
3981,0.3346922993659973
3982,0.41737228631973267
3983,0.5047458410263062
3984,0.3643214702606201
3985,0.5701910257339478
3986,0.6193615198135376
3987,0.27526944875717163
3988,0.39143723249435425
3989,0.35531526803970337
3990,0.5516944527626038
3991,0.416904091835022
3992,0.15580889582633972
3993,0.5328747630119324
3994,0.23938333988189697
3995,0.45346590876579285
3996,0.48719796538352966
3997,0.31806445121765137
3998,0.3543297052383423
3999,0.44589662551879883
4000,0.38740241527557373
4001,0.3206290006637573
4002,0.3421557545661926
4003,0.3630162179470062
4004,0.28894293308258057
4005,0.5008986592292786
4006,0.4418419599533081
4007,0.3598574995994568
4008,0.3946431875228882
4009,0.2671048939228058
4010,0.26189643144607544
4011,0.4008963704109192
4012,0.36617112159729004
4013,0.4477183222770691
4014,0.4069673418998718
4015,0.3115198016166687
4016,0.3380095362663269
4017,0.44354236125946045
4018,0.2654268741607666
4019,0.2598896622657776
4020,0.20922929048538208
4021,0.3737168312072754
4022,0.26091521978378296
